id,lastpage,startlanguage,seed,age,gender,education,news_freq,satnews_freq,heute_show,neo_magazin_royale,jan_boehmermann,extra_drei,smypathisch,folgt_niemandem,folgt_sonstige,linear_tv,newspaper,podcasts_radio,only_sm,sonstige_konsum,foryoupage,friends_sent,follows_acc,advertise,sonstige_anzeigen,instagram,youtube,mediatheken,tiktok,facebook,twitter,reddit,telegram,snapchat,sonstige_apps,politics,celebrities,climate,society,health,economy,culture,sports,habit,current_status,inform_me,accesible_news,to_talk,distract_me,want_fun,want_serious,want_truth,want_information,want_understandable,want_news,fun,extra_inform,my_opinion,interest_important
2,3,de-informal,874768494,4,2,4,1,1,,,,,,Y,,,,,Y,,Y,Y,,,,Y,Y,,,,,,,,,Y,,,,,,,Y,2,2,3,4,2,4,6,5,6,2,5,5,4,2,4,5
4,3,de-informal,579531829,4,1,3,1,2,,,,,,Y,,,,,Y,,Y,Y,,,,Y,,,Y,,,,,,,Y,,Y,Y,,,,,5,4,3,4,4,5,4,4,6,4,3,5,4,4,4,5
10,3,de-informal,1955588236,3,2,3,1,2,,,,,,,Tiktok,,,Y,,,Y,Y,Y,Y,,,Y,,Y,,,,,,,,Y,,,Y,,Y,,6,2,2,4,2,4,4,4,4,4,3,3,4,4,2,5
11,3,de-informal,525738820,AO08,1,4,1,2,Y,,,,Y,,quer,,,,Y,,Y,,Y,,,Y,Y,Y,Y,,,,,,,Y,,Y,Y,,,,,4,5,5,5,5,1,5,5,6,6,6,6,1,4,3,5
12,3,de-informal,1142499634,3,2,4,1,2,Y,Y,Y,,,,,Y,,Y,,,,,Y,,,Y,Y,Y,,,,Y,,,,Y,,,Y,,,Y,,4,3,5,4,2,2,5,6,6,4,2,4,1,5,4,2
13,3,de-informal,2067809138,4,1,4,1,2,,,,,,,"Alman_memes, tagesscheiss",,,,Y,,Y,Y,,,,Y,,,Y,,,,,,,Y,Y,,Y,,,,,5,1,1,4,2,5,5,1,3,1,3,1,3,6,3,2
14,3,de-informal,1698547126,3,1,4,1,2,Y,,,,Y,,,Y,,Y,,,Y,,Y,Y,,Y,,,Y,,,,,Y,,Y,Y,,,,,,Y,3,2,2,5,4,2,5,2,2,2,5,5,3,5,3,3
15,3,de-informal,1756601932,6,2,4,1,2,Y,Y,,,,,Postillion,,,,,Youtube,,,Y,,,Y,Y,Y,,,,,,,,Y,,,Y,,Y,,,4,5,5,3,1,4,6,2,5,4,1,6,4,2,3,5
16,3,de-informal,1445052765,5,1,3,1,4,Y,Y,Y,,,,,,,,Y,,Y,,,,,Y,Y,Y,,,,,,,,Y,Y,,Y,,,,,2,4,5,1,2,1,4,5,5,4,6,2,4,5,4,4
17,3,de-informal,567735083,3,1,4,1,4,,,,,,Y,,,,,Y,,Y,Y,Y,,,Y,,,,,,,,,,Y,Y,,Y,,,,,6,6,4,5,4,4,6,3,4,4,4,5,3,6,5,2
19,3,de-informal,823839778,2,1,4,2,1,,,,,,Y,,Y,Y,Y,,,Y,,,,,Y,,,Y,,,,,,,,,Y,Y,,,,Y,4,5,5,6,4,2,4,4,4,5,5,5,4,5,3,5
21,3,de-informal,1247425564,4,2,4,1,4,,,,,,Y,,,,,Y,,Y,,,,,Y,,,Y,,,,,,,,Y,,Y,,,,Y,3,2,1,3,2,5,5,3,4,4,4,5,2,4,4,4
22,3,de-informal,1874709148,3,2,4,1,2,,,,,,Y,,,,,Y,,Y,Y,,,,Y,,,Y,,,,,,,Y,Y,,,,,,Y,3,1,2,5,2,4,6,1,1,2,5,2,4,3,2,2
24,3,de-informal,369727682,3,2,4,1,2,Y,,,,,,,Y,,Y,,,Y,Y,Y,,,Y,,,Y,,,,,,,Y,,,Y,,,,Y,6,5,3,5,3,2,6,2,2,5,3,5,4,5,3,6
25,3,de-informal,1458835382,6,1,4,1,2,Y,,Y,,,,,,,Y,,,,Y,Y,,,Y,Y,,,,,,,,,Y,Y,,,,,Y,,6,4,4,5,5,1,4,4,6,4,6,3,5,4,3,4
26,3,de-informal,1927548832,4,2,3,1,2,,,,,,,Timundjani,,,Y,,,Y,Y,,,,Y,Y,,Y,,,,,,,,,,Y,,,Y,,5,4,5,6,6,3,6,4,6,5,5,6,4,4,4,5
28,3,de-informal,900609145,4,2,4,1,4,,Y,,,,,,,,,Y,,Y,,,,,,Y,,,,,,,,,Y,,,Y,,,,,5,3,2,2,6,4,1,2,2,2,3,3,1,3,2,1
29,3,de-informal,57572813,4,2,4,1,2,Y,,,,,,,,,Y,,,,Y,Y,,,Y,,,,,,,,,,Y,,,,,Y,,Y,5,4,4,6,3,6,5,6,6,6,3,5,6,3,4,6
30,3,de-informal,559009187,5,1,3,1,2,,,,,,Y,,Y,Y,Y,,,Y,Y,,,,Y,Y,Y,Y,,,,,,,Y,Y,,Y,,,,,2,4,5,6,4,4,5,5,6,6,6,6,5,3,4,6
31,3,de-informal,743260794,3,1,4,1,2,,,,,,Y,,,,Y,,,Y,Y,,,,Y,,,,,,,,,,,Y,,Y,,,,,3,3,2,5,2,5,5,4,6,4,5,5,2,5,2,3
32,2,de-informal,854439151,2,1,4,1,2,Y,,,Y,Y,,,,,,Y,,Y,,,,,,,,Y,,,,,,,Y,,Y,Y,,,,,6,3,4,6,3,6,6,2,,3,5,5,5,4,4,4
33,3,de-informal,1041848698,5,1,3,1,2,Y,,,,,,,,,,,ā€¦,Y,,,,,Y,,,,,,,,,,Y,,Y,,,Y,,,3,3,5,3,4,4,4,5,5,6,6,6,5,5,5,5
34,3,de-informal,1043694510,6,1,6,5,4,Y,,,,,,,,,,Y,,,Y,,,,Y,,,,,,,,,,Y,,Y,Y,,,,,3,1,1,3,2,6,5,3,1,3,4,5,3,5,6,4
35,3,de-informal,1144826415,3,1,4,1,2,,,,,,Y,,,,Y,,,Y,Y,,,,Y,,,Y,,,,,,,,Y,,Y,Y,,,,6,6,4,5,5,5,6,4,4,4,6,5,3,4,4,6
36,3,de-informal,1217692306,1,1,4,1,4,Y,Y,Y,,Y,,,Y,Y,Y,,,Y,,Y,,,Y,Y,,Y,,Y,,,,,Y,,Y,,,,,,5,6,5,5,2,4,6,3,5,4,1,5,3,1,4,4
38,3,de-informal,1806186591,5,2,3,1,2,,,,,,Y,,,Y,,,,Y,,,,,Y,Y,Y,,,,,,,,Y,,,,,Y,,Y,5,5,3,2,2,2,6,2,2,2,1,2,4,6,2,3
39,3,de-informal,453985866,3,1,4,1,1,,,,,,Y,,,,,Y,,Y,Y,,Y,,Y,,,Y,,,,,,,Y,Y,,Y,,,,,6,1,1,4,1,1,5,1,1,1,3,3,3,4,1,2
40,3,de-informal,58984047,4,1,4,2,4,,,,,,Y,,Y,,,,,Y,Y,Y,,,Y,Y,,Y,,Y,,,,,,Y,,Y,,,Y,,5,4,5,6,3,5,6,5,3,5,4,5,5,5,4,6
41,3,de-informal,13874762,3,1,4,2,4,,,,,,Y,,,,Y,,,Y,,,Y,,Y,,,Y,,,,,,,Y,Y,,Y,,,,,5,5,5,6,3,4,6,4,4,5,5,5,5,6,5,6
42,3,de-informal,1384098868,6,1,6,1,1,Y,,,,,,,,,Y,,,Y,,Y,,,Y,Y,,,,,,,,,Y,,,Y,,,Y,,3,1,1,3,1,1,6,3,3,1,4,4,6,1,1,1
43,3,de-informal,2106312998,3,2,2,1,2,Y,,,Y,,,,,,,Y,,Y,Y,Y,,,Y,Y,,Y,,,,,,,Y,Y,,Y,,,,,5,3,3,6,2,3,6,2,5,4,2,6,6,5,4,4
46,3,de-informal,24819484,AO08,1,4,5,6,,,,,,Y,,,,,,,,,,,,,Y,,,,,Y,,,,,,,Y,,,Y,,1,1,2,3,2,4,5,3,4,4,5,3,2,1,2,5
47,3,de-informal,2117725757,AO08,2,3,1,2,Y,Y,,,,,,Y,,,,,Y,Y,Y,,,Y,Y,,Y,,,,,,,Y,,,,,Y,,Y,4,6,6,6,6,6,6,1,4,3,2,4,5,2,6,6
48,3,de-informal,1808150113,6,1,4,1,5,Y,,,,,,,,,,Y,,Y,,,,,Y,,,,,,,,,,Y,Y,,Y,,,,,4,1,1,4,4,2,6,4,5,3,3,4,3,5,4,4
49,3,de-informal,1157945729,AO08,2,6,1,2,,,,,,Y,,,,,Y,,Y,Y,,,,Y,,,Y,,Y,,,,,Y,,Y,,,,,Y,5,3,2,5,3,5,6,4,2,2,3,4,3,5,2,3
50,3,de-informal,782735215,5,1,4,1,4,,,,,,,,,,,Y,,Y,Y,,,,Y,,,Y,,Y,,,,,Y,,,Y,,,,,3,2,2,1,2,4,5,2,4,4,6,3,2,5,4,4
51,3,de-informal,1674767653,AO08,1,2,5,6,,,,,,Y,,,,,Y,,Y,,,,,Y,,,Y,,,,,,,,Y,,Y,,,Y,,1,1,1,3,1,1,6,3,3,3,6,3,3,1,1,6
52,3,de-informal,1487673579,4,1,4,1,1,,,,,,Y,,,,Y,,,Y,,,Y,,Y,,,Y,,,,,,,,Y,,Y,,,,,4,4,5,5,5,4,5,4,4,4,6,6,5,3,5,6
55,3,de-informal,657951719,4,1,4,1,4,,,,,,Y,,,,,Y,,Y,,,,,Y,,,,,,,,,,Y,Y,,Y,,,,,5,4,4,5,2,4,5,4,6,5,5,5,3,3,3,4
57,3,de-informal,1025057698,4,1,4,1,2,,,,,,Y,,Y,,,,,Y,,,,,Y,,,Y,,,,,,,Y,Y,,Y,,,,,5,5,5,3,4,5,5,3,4,5,5,5,5,5,4,6
58,3,de-informal,2091022308,4,2,4,1,1,,,,,,Y,,,,Y,,,Y,Y,,,,Y,Y,,,,,Y,,,Spotify,Y,Y,,Y,,,,,5,4,2,3,3,5,5,2,1,2,4,4,5,5,6,4
59,3,de-informal,1711797650,4,1,4,2,5,Y,,,,,,,Y,,,,,,Y,Y,,,Y,,Y,,,,,,,,Y,Y,,,,,,Y,3,2,2,4,5,5,6,3,2,2,5,5,6,6,1,4
60,3,de-informal,1250845788,6,2,3,1,6,,,,,,Y,,,Y,Y,,,Y,,,,,Y,,,,,Y,,,,,,,,,,,,Y,1,1,1,1,1,2,5,1,1,1,4,5,3,2,1,4
61,3,de-informal,396355531,2,1,4,1,1,,,,,,Y,,,,Y,,,Y,,,,,Y,,,Y,,Y,,,,,Y,Y,Y,,,,,,4,5,4,5,4,2,5,5,5,5,5,4,4,5,4,5
63,3,de-informal,1098317633,6,1,6,1,2,,,,,,Y,,,,,Y,,Y,Y,,,,Y,Y,,,,,,,,,Y,,,Y,,Y,,,3,3,1,5,1,3,6,1,6,2,3,2,2,6,1,5
64,3,de-informal,340631760,4,1,4,1,1,,,,,,Y,,,,,Y,,Y,Y,,,,Y,,,,,,,,,,Y,,,Y,,,,,3,4,4,2,2,2,2,3,3,3,2,4,2,1,2,1
65,3,de-informal,119696925,5,1,3,5,6,,,,,,Y,,,,,Y,,Y,Y,,,,Y,,,,,Y,,,,,Y,Y,,,,,,,1,3,3,5,5,4,4,3,3,3,5,4,4,5,3,3
66,3,de-informal,52504711,1,1,4,1,4,,,,,,Y,,,,,Y,,Y,Y,,,,Y,Y,,Y,,Y,Y,,,,Y,Y,,,,,Y,,4,2,2,4,2,2,6,2,2,2,4,5,5,6,4,4
67,3,de-informal,845009332,3,1,3,1,1,Y,Y,Y,Y,Y,,,,,Y,,,,,Y,,,Y,Y,Y,Y,,Y,Y,,,,Y,Y,,Y,,,,,4,6,6,6,6,2,6,4,6,6,4,6,6,3,4,6
69,3,de-informal,1980831740,4,1,4,1,4,Y,,,,,,,Y,,,,,Y,,,Y,,Y,,,Y,,,,,,,Y,Y,,,,,,Y,5,5,5,6,3,3,4,6,6,6,5,4,2,3,4,5
70,3,de-informal,1315021141,1,2,3,1,4,,,,,,Y,,,Y,,,,Y,Y,,Y,,Y,,,Y,,,,,,,Y,,,,,,Y,Y,4,2,2,4,1,5,6,6,6,6,6,6,2,4,3,6
72,3,de-informal,1653468320,AO08,1,6,1,4,,,,,Y,,,,,,Y,,Y,,Y,,,,,,Y,,,,,,,Y,,,Y,,,,,6,2,4,6,4,5,6,1,4,3,5,5,4,5,5,5
73,3,de-informal,977083655,4,2,4,1,4,Y,,,Y,,,,,,,Y,,Y,Y,,,,Y,Y,,,,,,,,,Y,,,,,Y,,Y,4,4,4,4,2,5,6,6,6,5,6,4,5,4,5,5
74,3,de-informal,1182989604,5,1,6,1,4,,Y,Y,Y,,,,,,,Y,,Y,,Y,,,Y,Y,,,,,,,,,,Y,,Y,Y,,,,3,2,4,4,4,2,5,5,6,5,4,4,2,4,4,3
75,3,de-informal,626647193,3,1,4,1,2,,,,,,Y,,Y,,Y,,,Y,,,,,Y,Y,Y,,,,Y,,,,Y,Y,,Y,,,,,4,5,5,5,3,3,5,3,4,4,5,5,5,4,3,5
76,3,de-informal,1983068928,6,2,4,1,2,Y,,,,,,,,,,Y,,Y,Y,Y,,,Y,Y,,Y,,,,,,,Y,Y,,,,,,,5,5,3,3,2,3,6,3,1,2,4,5,5,2,2,1
77,3,de-informal,1363969194,5,1,6,1,1,,,,,Y,,,,,,Y,,Y,,Y,,,Y,,,Y,,,,,,,Y,,Y,Y,,,,,5,4,5,2,1,4,5,4,5,6,6,6,6,4,2,6
78,3,de-informal,1968202357,6,1,6,3,4,Y,,,Y,,,,Y,,,,,Y,,,,,,Y,,Y,,,,,,,Y,,,,,,,,4,4,4,4,3,4,4,3,3,3,3,4,4,3,1,3
79,3,de-informal,1047708941,AO08,1,4,1,4,,,,,,Y,,,,,Y,,Y,,,Y,,Y,Y,,,,,,,,,Y,Y,,,,,,,3,4,4,5,4,5,6,3,3,4,6,6,3,6,4,5
80,3,de-informal,1381353615,4,1,4,3,4,Y,,Y,Y,Y,,,,,,Y,,Y,Y,Y,,,Y,Y,,Y,,,,,,,Y,,,Y,,Y,,,2,4,5,5,2,2,6,3,3,4,4,5,5,5,5,4
81,3,de-informal,613815387,AO08,1,3,3,4,,,,,,Y,,Y,,,,,Y,,,Y,,Y,,,Y,,Y,,,,,Y,,Y,Y,,,,,3,4,4,4,5,2,3,3,5,5,5,6,6,4,4,6
82,3,de-informal,2073984983,3,1,4,5,6,,,,,,Y,,,,,Y,,,,,Y,,,Y,,,,,,,,,,Y,,,,Y,,Y,2,1,1,4,2,4,6,2,6,3,6,3,1,5,3,3
83,3,de-informal,625205718,3,1,4,1,5,,,,,,Y,,,Y,,,,Y,,Y,,,Y,,,,,,,,,,,Y,,,,,,,5,4,4,2,3,3,3,4,5,5,5,4,2,2,4,5
84,3,de-informal,1768418022,AO08,1,6,2,1,,,,,,Y,,,,,Y,,Y,,,Y,,Y,,,Y,,,,,,,Y,Y,,,,,Y,,3,2,2,5,4,6,6,2,4,3,4,5,5,6,4,4
85,3,de-informal,1653210136,6,1,4,2,2,,,,,,Y,,Y,,Y,,,Y,Y,,,,Y,Y,,Y,,Y,,,,,Y,Y,,Y,,,,,5,4,5,6,5,4,6,3,5,5,4,3,6,4,4,6
86,3,de-informal,2066072857,6,2,6,2,2,,,,,,Y,,,,,Y,,Y,,,,,Y,,,Y,,,,,,,Y,Y,,Y,,,,,2,2,2,4,2,4,5,6,6,3,5,5,4,4,4,5
87,3,de-informal,567871067,5,2,4,1,2,Y,,,Y,,,,Y,,,,,Y,Y,Y,,,Y,Y,Y,,,,,,,,Y,Y,,,,,,Y,6,6,5,6,2,1,6,1,3,4,6,6,6,6,3,6
88,3,de-informal,25095120,6,1,6,2,4,,,,,,Y,,,,,Y,,Y,Y,,Y,,Y,,,Y,,,,,,,Y,Y,Y,,,,,,3,2,2,3,3,3,5,3,3,4,4,5,3,4,3,4
89,3,de-informal,2337748,5,4,4,3,4,,,,,,Y,,,,,Y,,Y,,,Y,,Y,Y,,,,,,,,,Y,,Y,Y,,,,,2,3,3,4,5,1,4,4,6,6,6,6,6,4,1,6
90,3,de-informal,414438330,5,1,6,4,6,,,,,,Y,,Y,,Y,,Mediathek zdf,Y,Y,,,,Y,Y,Y,,,,,,,,Y,Y,,Y,,,,,2,4,4,5,2,1,6,4,5,2,6,6,2,1,4,5
91,2,de-informal,504643055,3,2,4,1,2,,,,,,,El Hotzo,,,,Y,,Y,Y,Y,,,Y,Y,,,,Y,,,,,Y,Y,,Y,,Y,,Y,6,5,3,5,6,6,6,1,2,2,3,4,3,5,6,5
92,3,de-informal,45280632,3,1,4,1,2,Y,,,,,,,Y,,,,,Y,Y,Y,,,Y,Y,Y,,,,Y,,,,,Y,,Y,,,,Y,5,5,4,6,3,4,6,1,5,4,4,5,4,4,4,6
93,3,de-informal,1621802985,6,2,3,1,2,,,,,,,memes,,,,Y,,Y,Y,,,,Y,,,,,,Y,,,,Y,Y,,,,,,Y,5,5,3,5,3,3,6,1,1,1,2,6,4,2,1,5
94,3,de-informal,1146800443,AO08,2,3,1,2,,,,,,,Memes,,,,Y,,Y,Y,,,,Y,,,Y,,Y,,,,,Y,Y,,,,,,Y,5,5,2,6,2,2,6,2,3,3,5,6,5,4,1,6
95,3,de-informal,1027342093,AO08,2,4,1,2,Y,Y,Y,,Y,,,,,Y,,,,Y,Y,,,Y,Y,Y,,,,,,,,Y,,,Y,,,,Y,4,3,4,5,4,4,6,2,5,4,3,5,5,5,4,5
96,3,de-informal,1699471446,4,1,3,1,2,,,,,,Y,,,,,Y,,Y,,,,,Y,,,,,Y,,,,,Y,Y,,,Y,,,,5,5,5,6,2,1,4,3,3,4,2,5,5,5,5,6
100,3,de-informal,343022328,6,2,3,3,4,Y,Y,Y,,,,,,,,Y,,,,Y,,,Y,Y,,,,,,,,,Y,,,Y,Y,,,,4,5,4,5,3,6,6,5,5,6,4,5,6,2,4,6
102,3,de-informal,1005100383,5,2,4,2,4,,Y,Y,,,,Postillon,Y,,,,,,Y,Y,,,Y,Y,Y,,,,,,,,Y,Y,,Y,,,,,2,2,2,2,2,3,5,6,5,3,2,5,6,4,2,5
103,3,de-informal,893891385,6,1,4,1,1,Y,,,,,,,,,,Y,,Y,,Y,,,Y,,,,,,,,,,Y,Y,,Y,,,,,5,5,3,5,2,1,6,5,3,4,5,6,5,6,4,5
104,3,de-informal,902003767,5,1,4,4,1,,,,,,Y,,,,,Y,,Y,Y,,,,Y,,,,,Y,,,,,,Y,,Y,,,Y,,4,4,4,5,2,1,5,4,6,5,4,5,4,5,2,6
106,3,de-informal,919227213,3,1,4,1,2,,,,,,Y,,,,,Y,,Y,,,,,Y,Y,,Y,,,,,,,Y,Y,,Y,,,,,3,5,5,6,5,2,6,2,3,4,4,5,6,4,4,3
107,3,de-informal,1690647306,4,1,4,1,2,,,,Y,Y,,,,,,Y,,Y,,Y,,,Y,Y,,,,,,,,,Y,,Y,Y,,,,,6,5,4,6,1,6,6,4,6,6,6,4,6,1,6,6
109,3,de-informal,165442630,AO08,2,6,1,4,,Y,,,,,Fabian KĆ¶ster,,,,,Mediathek zdf,Y,,,Y,,Y,,,,,,,,,,Y,,,Y,,,,,1,3,5,5,1,4,4,6,6,6,2,4,5,3,4,6
110,3,de-informal,939993932,3,1,4,1,2,,,,,,Y,,,Y,,,,Y,Y,,,,Y,,,,,Y,,,,,Y,,,Y,,,Y,,6,4,3,4,4,2,4,2,4,4,5,4,3,4,4,6
112,3,de-informal,410708342,1,2,4,6,5,,,,,,Y,,,,,Y,,Y,,,,,,Y,,,,,,,,,Y,,,,,,,,3,3,4,4,2,5,4,2,6,5,5,2,6,3,2,6
113,3,de-informal,1823742435,4,2,3,3,2,,,,,,Y,,,,Y,,,Y,Y,,,,Y,Y,,Y,,Y,,,Y,,,Y,,Y,,,,Y,6,4,4,6,3,3,5,3,4,4,6,6,6,3,3,3
114,3,de-informal,1001503035,AO08,1,4,1,5,,,,,,Y,,Y,,,,,Y,Y,,,,Y,Y,,,,,,,,,Y,Y,,,,,,Y,3,5,2,5,2,5,6,4,6,4,5,6,5,3,2,4
115,3,de-informal,567700794,2,1,4,1,2,,,,,,Y,,,,Y,,,Y,Y,,Y,,Y,,,Y,,,,,,,,,Y,Y,,,,Y,3,6,6,3,2,1,2,4,4,4,1,1,1,2,3,1
117,3,de-informal,1318601321,4,1,4,1,4,,,,,,Y,,,,,Y,,Y,Y,,,,Y,,,,,,,,,,,,,Y,,Y,,,1,1,4,4,4,1,5,6,6,3,6,2,2,5,2,6
118,3,de-informal,623852938,5,1,3,3,4,,,,,,Y,,Y,,,,,Y,,,Y,,Y,,,Y,,,,,,,,Y,,Y,,,Y,,3,5,4,5,4,3,5,6,6,4,5,4,5,5,5,5
119,3,de-informal,1819401502,5,2,4,1,2,Y,Y,Y,Y,,,Postillon,,,,Y,,Y,Y,Y,,,Y,Y,,Y,,,,,,,Y,Y,,Y,,,,,4,2,3,5,3,1,6,1,1,6,6,6,6,4,4,4
120,3,de-informal,290322968,3,1,4,3,4,,Y,,Y,,,"Die Anstalt, Streamer mit Politischen Themen",,,,Y,,Y,,Y,,,,Y,,,,,,,,Twitch,Y,,Y,Y,,,,,5,3,4,6,1,4,6,5,6,5,2,3,6,3,5,6
121,3,de-informal,945343704,6,1,3,1,1,,,,,,Y,,,,,Y,,Y,,,Y,,Y,Y,,,,,,,,,Y,Y,,Y,,,,,5,5,2,5,4,5,5,2,2,4,5,5,4,4,3,5
122,3,de-informal,453254145,5,2,4,1,2,,,,,,Y,,Y,,,,,Y,,,,,Y,,Y,,,Y,Y,,,,Y,,,Y,,Y,,,5,6,4,6,1,3,6,3,5,3,1,5,5,6,5,3
123,3,de-informal,1866473441,4,1,3,1,2,Y,,Y,Y,,,,,,,Y,,Y,,Y,,,Y,,,Y,,,,,Y,,Y,Y,,,,,,Y,5,5,6,6,1,1,6,6,6,6,6,6,4,2,1,6
124,3,de-informal,576896678,AO08,1,6,1,1,,,,,,Y,,,,,,YouTube,Y,,,,,Y,Y,Y,,,,,,,,Y,Y,,Y,,,,,1,1,1,1,1,1,6,6,3,2,3,5,4,3,3,3
125,3,de-informal,1842062351,1,2,4,1,4,,,,,,Y,,,,Y,,,Y,Y,,,,,Y,,,,Y,,Y,,,Y,,Y,,,,Y,,2,1,1,3,2,4,6,1,3,3,4,1,5,6,1,4
126,3,de-informal,270560199,4,1,4,1,4,,,,,,Y,,Y,,,,,Y,Y,,,,Y,,,Y,,Y,,,,,Y,,,Y,,Y,,,6,1,1,6,4,2,6,3,2,2,6,4,4,5,3,5
128,3,de-informal,1000660225,5,1,4,3,4,,,,,,Y,,Y,,,,,Y,Y,,,,Y,,,Y,,,,,,,Y,Y,,Y,,,,,4,2,2,6,4,4,6,6,6,4,3,3,2,5,6,6
129,3,de-informal,1943393205,5,1,4,2,4,,,,,,Y,,,,,Y,,Y,,,,,Y,,,Y,,,,,,,Y,Y,,Y,,,,,1,2,2,2,2,4,6,5,5,4,5,6,3,5,3,5
130,3,de-informal,1181890257,4,1,4,1,4,,,,,,Y,,Y,,,,,Y,,,,,Y,,,Y,,,,,,,,Y,,Y,,,Y,,2,3,2,3,4,5,4,4,3,3,4,5,2,4,3,4
131,3,de-informal,731743398,2,2,4,1,2,Y,Y,,Y,,,Postillion,,,Y,,,Y,Y,Y,,,Y,Y,,,,,,,,,Y,,,Y,,,,Y,5,5,6,6,3,5,6,6,6,6,6,6,5,6,5,3
132,3,de-informal,649936522,3,1,4,1,4,,,,,,Y,,,,Y,,,Y,Y,,,,Y,,,Y,,,,,,,Y,Y,,,,,,Y,5,2,4,4,5,3,5,2,4,4,6,6,3,2,4,6
133,3,de-informal,1108786742,AO08,1,4,2,6,,,,,,Y,,,,,Y,,Y,,,,,Y,,,,,,,,,,Y,,Y,,,Y,,,1,1,1,6,3,2,5,1,1,1,4,5,3,4,2,4
134,3,de-informal,1799538147,2,1,4,1,5,Y,,,,,,,Y,,Y,,,,,,Y,,Y,Y,Y,Y,,,,,,,,Y,,,,,,,3,4,4,5,2,2,6,4,4,5,6,6,5,3,3,6
136,3,de-informal,683048041,4,1,4,4,4,,,,,,Y,,,,Y,,,Y,,,,,Y,,,,,,,,,,Y,,Y,Y,,,,,5,1,2,5,1,1,6,1,3,4,4,6,1,4,1,5
137,3,de-informal,768344884,1,1,4,1,5,,,,,,Y,,,,,Y,,Y,Y,,,,Y,Y,Y,Y,,,,,,,Y,,,,,,,,2,5,4,4,3,2,6,5,6,6,3,6,3,5,2,6
138,3,de-informal,1314995793,3,2,4,1,2,,,,,,Y,,,,,Y,,Y,Y,,Y,,Y,Y,,Y,,Y,,,,,,Y,,,,Y,,,2,1,2,5,1,3,6,2,4,5,6,6,5,2,2,5
139,3,de-informal,1688211926,AO08,1,6,1,4,Y,Y,,,,,,Y,,,,,Y,,Y,,,Y,Y,Y,,,,,,,,Y,,Y,Y,,,,,5,6,5,3,5,1,3,6,6,6,6,6,2,4,5,6
141,3,de-informal,1966989587,6,1,3,1,2,Y,Y,Y,,,,,,,Y,,,,Y,Y,,,Y,Y,Y,,,,Y,,,,Y,Y,Y,,,,,,4,5,6,6,2,3,5,5,5,5,3,6,6,3,4,5
142,3,de-informal,1315297401,3,2,4,1,2,,,,,,Y,,,,Y,,,Y,Y,,,,Y,,,Y,,,,,,,Y,,,Y,,,Y,,2,4,5,4,3,5,6,3,6,4,2,5,5,4,2,6
143,3,de-informal,670774601,AO08,1,3,2,6,,,,,,Y,,,,,Y,,Y,,,,,,Y,,,,,,,,,,,Y,,,,,Y,5,3,2,3,4,4,4,4,5,3,2,6,2,2,4,3
145,3,de-informal,1579295586,AO08,2,3,3,4,Y,,,Y,,,,,,,Y,,,,Y,,,Y,Y,,,,,,,,,Y,,Y,,,Y,,,2,2,2,3,4,4,6,4,6,4,5,5,5,6,2,5
146,3,de-informal,361796784,3,1,4,4,5,Y,,,,,,,Y,,,,,,,Y,,,Y,Y,,,,,,,,,Y,Y,,Y,,,,,5,4,3,5,5,6,6,2,6,5,6,6,6,4,6,6
147,3,de-informal,4044326,AO08,1,4,1,4,,,,,,Y,,Y,,,,,Y,Y,,,,Y,,,Y,,,,,,,,,,,,,,Y,3,2,1,2,3,3,3,6,6,6,4,6,1,4,5,5
148,3,de-informal,1241610006,6,2,3,1,2,Y,Y,Y,,Y,,"El Hotzo, Der Dunkle Parabelritter (ich muss wirklich meinen Medienkonsum Ć¼berdenken)",,Y,,,,Y,Y,Y,,,Y,Y,,,,,,,,,Y,,,Y,Y,,,,6,6,6,6,6,6,6,6,6,6,4,3,5,5,6,5
149,3,de-informal,1013469823,5,1,3,1,2,,,,,,Y,,Y,,Y,,,Y,Y,,,,Y,Y,,Y,,,,,,,Y,Y,,Y,,,,,5,4,4,4,5,5,6,6,5,6,6,6,6,2,2,4
150,3,de-informal,619661989,5,4,4,2,4,,,,,,Y,,,,,Y,,Y,Y,,,,Y,Y,,,,,,,,,Y,Y,,,,,,Y,3,2,2,2,2,4,5,3,4,3,3,4,2,3,1,4
151,3,de-informal,1261028312,AO08,2,4,3,4,Y,Y,Y,Y,,,,,,,Y,,,,Y,,,,Y,Y,,,,Y,,,,Y,,,Y,,,Y,,4,5,5,6,3,4,6,5,6,6,4,3,5,2,4,3
152,3,de-informal,1457408521,2,1,4,4,5,,,,,,Y,,,,Y,,,Y,,,,,,,,Y,,,,,,,Y,Y,,,,,,,4,2,3,5,4,2,6,3,5,5,6,6,6,5,5,5
153,3,de-informal,1584552287,3,2,4,3,4,Y,Y,Y,Y,,,,Y,,,,,,,Y,,,Y,Y,Y,,,,Y,,,,Y,,,Y,,,,,4,5,5,6,2,2,6,5,5,5,4,4,5,5,4,4
154,3,de-informal,1642193974,6,1,4,5,4,,,Y,,,,El Hotzo,,,,Y,,Y,Y,,,,,Y,,,,,,,,,Y,Y,,Y,,,,,2,2,2,4,4,4,5,5,5,3,5,5,6,4,5,5
155,3,de-informal,1013442669,4,1,4,2,4,,,,,,Y,,,,,Y,,Y,,,,,Y,,,Y,,,,,,,,Y,Y,Y,,,,,3,4,2,5,5,3,6,4,4,4,5,3,5,4,4,4
156,3,de-informal,744184742,6,2,3,3,1,Y,,,,,,,,Y,,,,Y,Y,,,,Y,Y,,,,,,,,,Y,,Y,Y,,,,,4,4,4,5,4,2,6,6,6,6,3,6,5,4,3,6
157,3,de-informal,1075394864,4,1,4,1,2,Y,,,,,,Levi Penell,Y,,Y,,,Y,Y,Y,Y,,Y,Y,Y,Y,,,,,,,Y,Y,,Y,,,,,6,4,4,6,6,6,6,6,6,6,6,4,6,4,6,5
160,3,de-informal,2125342606,AO08,1,4,3,6,,,,,,Y,,,,,Y,,,,,Y,,Y,Y,,,,,,,,,,,,Y,,,Y,,2,3,2,4,1,1,3,3,6,4,6,6,3,5,3,3
162,3,de-informal,844265932,3,2,4,3,4,Y,,,,,,,Y,,,,,,,Y,,,Y,Y,Y,,,,,,,,Y,,Y,,,,,Y,6,4,2,5,4,4,6,4,3,5,5,6,6,5,3,5
163,3,de-informal,1135509358,4,1,4,2,5,Y,,,,,,,,,,Y,,,,Y,,,Y,,,,,,,,,,Y,,Y,,,,,,4,4,5,5,4,3,6,3,6,5,4,3,3,5,2,5
164,3,de-informal,465539267,4,3,4,1,2,,,,,,Y,,,,,Y,,Y,,,,,,,,Y,,,,,,tumblr,Y,,Y,Y,,,,,4,5,5,4,4,2,5,3,5,5,4,4,5,6,6,6
166,3,de-informal,1881895104,3,1,4,1,4,,,,,,Y,,,,,Y,,Y,,,,,,,,Y,,,,,,,Y,,Y,Y,,,,,3,3,4,3,1,1,4,4,4,4,5,5,5,6,3,4
167,3,de-informal,1250364487,3,1,4,1,2,,,,,Y,,,,,Y,,,Y,,,,,Y,Y,,,,,,,,,,Y,Y,Y,,,,,6,2,2,5,5,6,6,3,3,2,5,5,5,5,6,3
168,3,de-informal,889683895,2,1,4,1,2,,,,,,Y,,,,Y,,,Y,,Y,,,Y,,,,,,,,,,Y,Y,,Y,,,,,3,4,5,5,4,3,6,4,4,5,4,4,3,4,2,4
169,3,de-informal,804189601,2,1,4,1,6,,,,,,Y,,,Y,,,,Y,,,,,Y,,,,,,,,,,Y,Y,,Y,,,,,3,2,3,4,4,2,5,4,4,3,6,4,5,4,4,5
170,3,de-informal,462156279,5,1,4,1,4,Y,,,,Y,,,,,,Y,,,Y,Y,Y,,Y,Y,,Y,,,,,,,Y,Y,,,,,,Y,4,2,3,5,3,3,5,3,5,5,3,4,5,4,5,1
171,3,de-informal,1887742472,6,1,3,1,5,Y,,,Y,,,,,,,Y,,,,Y,,,Y,,,,,,,,,,Y,,,Y,,Y,,,5,4,4,4,3,4,5,4,5,4,4,4,4,3,2,4
172,3,de-informal,1479167131,4,1,4,3,5,,,,,,Y,,,,Y,,,Y,,,,,,Y,,,,,,,,Spotify,Y,,,Y,,,,,3,2,2,4,2,3,6,6,6,3,4,4,4,3,4,5
173,3,de-informal,1869897205,3,1,4,2,1,,,,,,Y,,Y,,,,,Y,,,,,Y,Y,,,,,,,,,Y,,Y,Y,,,,,3,5,5,6,4,3,5,4,5,5,5,5,4,6,4,5
174,3,de-informal,1162549996,4,1,4,1,1,Y,,Y,,,,El Hotzo,Y,,,,,Y,Y,Y,,,Y,Y,Y,,,,,,,,Y,,,Y,,,Y,,5,2,2,6,2,6,6,4,6,4,5,6,6,4,5,6
175,3,de-informal,564851280,2,1,3,1,6,,,,,,Y,,,,,Y,,Y,,,,,,,,Y,,,,,,,Y,Y,,,,,,,1,2,1,2,2,2,3,3,2,3,4,4,2,2,2,3
176,3,de-informal,461242214,4,1,4,2,2,,,,,,,El Hotzo,,,,Y,,,,Y,,,Y,,,Y,,,,,,,Y,Y,,Y,,,,,3,2,3,3,2,1,6,6,6,5,3,5,5,4,4,4
177,3,de-informal,293257666,4,2,4,1,4,,,,,,Y,,,,,Y,,,,,Y,,Y,,,,,,,,,,Y,Y,,Y,,,,,2,5,4,5,3,1,5,5,4,4,2,5,4,5,2,5
178,3,de-informal,1663573361,6,1,6,3,5,Y,,,,Y,,,Y,,,,,Y,,,,,Y,,Y,Y,,,,,,,Y,,,,,,,,4,5,5,6,5,2,5,5,6,5,5,5,5,2,4,5
179,3,de-informal,846899915,6,3,4,2,4,Y,Y,,Y,,,,,,,Y,,Y,Y,Y,,,Y,Y,,,,,,,,,Y,,Y,Y,,,,,4,4,4,2,1,3,5,4,4,4,3,5,3,6,2,5
180,3,de-informal,1321291124,6,1,6,1,2,,,,,,Y,,,,,Y,,Y,Y,,,,Y,,,Y,,,,,,,Y,,,Y,,,Y,,4,4,2,3,2,5,5,1,3,2,3,5,6,1,2,2
182,3,de-informal,216231840,5,1,4,1,2,,Y,Y,Y,,,jean philippe kindler,,Y,Y,,,,,Y,,,Y,Y,Y,,,Y,,,,,Y,,Y,Y,,,,,4,6,6,5,4,2,4,5,6,4,4,5,3,4,5,5
183,3,de-informal,327228015,6,1,4,3,4,Y,,,,,,,,,,Y,,Y,Y,Y,,,Y,Y,,Y,,,,,,,Y,,Y,Y,,,,,4,4,4,5,5,2,5,2,3,4,4,5,5,4,4,5
184,3,de-informal,934191678,6,1,4,2,1,,,,,,Y,,,,Y,Y,,,Y,,Y,,Y,Y,,,,,,,,,Y,,,Y,,Y,,,3,2,2,3,4,3,5,3,5,2,2,3,2,4,3,4
185,3,de-informal,41545758,6,2,2,1,2,,,,,,,Tagesscheiss,,,,Y,,Y,Y,Y,,,Y,,,,,Y,Y,,,Threads,Y,Y,,Y,,,,,4,3,2,5,1,4,6,1,1,1,4,2,3,1,4,5
188,3,de-informal,1320035697,4,2,4,2,5,Y,,,,,,,Y,,,,,,,Y,,,,Y,Y,,,,,,,,Y,,,,,,Y,,5,5,6,3,3,4,6,5,6,5,2,5,5,5,5,4
189,3,de-informal,274145482,6,2,3,1,2,Y,Y,Y,Y,,,,Y,Y,Y,,,Y,Y,Y,,,Y,Y,Y,Y,,,Y,,,,Y,,,Y,,,Y,,6,6,6,6,6,6,6,6,6,4,4,6,4,1,4,6
190,3,de-informal,1575063601,3,1,4,1,6,,,,,,Y,,,,,Y,,Y,,,,,Y,,,Y,,,,,,,Y,,,Y,,,,,3,1,1,4,1,1,6,1,1,3,6,6,6,1,1,1
191,3,de-informal,136358111,3,1,4,5,2,,,,,,Y,,Y,,,,,Y,Y,,,,Y,,,,,,,,,,Y,Y,,,,Y,,,4,3,2,5,1,4,6,2,5,3,5,5,6,6,4,6
193,3,de-informal,1701308646,5,1,4,1,6,,,,,,Y,,Y,,,,,Y,Y,,,,Y,,,Y,,,,,,,Y,Y,,Y,,,,,2,1,1,3,1,1,6,4,6,1,4,5,1,6,3,4
194,3,de-informal,1770928152,AO08,2,3,4,4,,,,,,Y,,Y,,,,,,,,Y,,Y,,,,,,,,,,,,Y,,Y,Y,,,4,5,4,4,2,3,3,5,5,5,5,5,3,4,2,5
195,3,de-informal,2050720884,4,1,4,1,2,,,,,,Y,,,,Y,,,Y,,,,,Y,,,Y,,,,,,,,Y,,Y,,,,Y,3,5,5,5,3,2,2,2,2,2,4,5,4,4,4,4
196,3,de-informal,880969083,6,1,4,1,2,,,,,,Y,,,,,Y,,Y,,,Y,,Y,Y,,,,,,,Y,,,Y,,Y,,,,Y,2,2,2,3,2,2,3,2,2,2,4,3,3,3,3,4
197,3,de-informal,1737430969,4,2,4,1,2,Y,,,Y,Y,,,,,Y,,,Y,,Y,,,Y,Y,,Y,,,,,,,Y,Y,,Y,,,,,4,4,3,5,3,4,6,3,5,4,5,4,4,5,3,5
198,3,de-informal,468447276,5,1,4,2,4,Y,,,,,,,,,,Y,,Y,Y,,,,Y,,,Y,,,,,,,Y,Y,,Y,,,,,3,4,4,4,3,3,4,3,3,3,3,4,4,4,3,4
199,3,de-informal,1096433814,5,2,4,1,2,Y,Y,Y,,Y,,,,Y,,,,Y,,Y,,,Y,Y,,,,,,,,,Y,Y,Y,,,,,,5,4,4,5,4,1,6,2,1,3,2,6,3,5,3,5
201,3,de-informal,1402893929,AO08,1,3,2,6,,,Y,,,,,,,Y,,,Y,,Y,,,Y,,,Y,,,Y,,,,,,,Y,,,Y,,3,3,3,3,3,1,6,6,6,2,6,6,3,3,3,3
202,3,de-informal,314325726,2,1,4,3,4,,,,,,Y,,,,,Y,,Y,Y,,,,Y,,,Y,,,,,,,Y,Y,,Y,,,,,4,2,3,5,2,2,4,5,6,5,6,5,5,4,4,6
203,3,de-informal,399224511,4,2,4,1,2,Y,Y,,,,,,,,Y,,Youtube,Y,Y,,Y,,Y,Y,Y,,,,,,,,Y,,,Y,,Y,,,4,4,3,5,3,1,4,4,5,5,4,5,4,3,2,4
204,3,de-informal,1030741960,5,2,2,3,4,,,,,,Y,,Y,,,,,,Y,,Y,,,Y,,,,,,,,,Y,,Y,,,Y,,,2,2,4,3,2,4,5,5,5,5,5,4,4,3,4,3
205,3,de-informal,1018962089,4,1,4,2,4,Y,,,,,,,,,Y,,,Y,,,,,Y,,,,,,,,,,Y,Y,,Y,,,,,4,3,3,4,3,2,5,4,6,6,6,6,4,2,3,5
206,3,de-informal,825314209,4,1,4,1,4,,,,,,Y,,,,,Y,,Y,,,,,Y,,,Y,,,,,,,Y,Y,,,,,,,2,2,2,3,4,1,4,3,4,3,3,4,2,4,4,3
208,3,de-informal,933492471,2,1,4,1,1,Y,,Y,,,,,Y,,,,,Y,,,,,Y,Y,Y,,,,,,,,Y,Y,Y,,,,,,4,4,3,4,3,3,4,2,2,2,3,4,3,6,4,4
209,3,de-informal,605543823,6,2,3,1,4,,,,,,Y,,Y,,,,,Y,Y,,,,Y,Y,,Y,,,,,,,,,,Y,Y,,,Y,5,3,3,6,3,4,4,5,5,4,5,5,4,5,3,4
210,3,de-informal,699287646,3,2,4,2,1,Y,,Y,,,,Postillion,Y,Y,,,,Y,Y,Y,,,Y,Y,,,,,,,,,Y,,,Y,,Y,,,5,5,4,3,6,4,6,6,4,4,2,6,6,6,5,6
211,3,de-informal,1329474296,4,1,4,1,1,Y,Y,Y,Y,Y,,,,,,Y,,Y,Y,Y,,,Y,Y,,,,,,,,,Y,,Y,,,Y,,,5,5,5,5,5,3,6,5,6,6,5,6,3,6,3,5
213,3,de-informal,572722857,5,1,4,4,6,,,,,,Y,,Y,Y,,,,Y,Y,,Y,,Y,,,,,Y,,,,,Y,Y,,,,,,,5,1,1,5,1,2,4,2,4,4,1,6,4,1,1,3
214,3,de-informal,1848340974,AO08,1,4,1,1,Y,,,,,,,,,,Y,,Y,,Y,,,Y,Y,,,,,,,,,Y,,Y,,,,Y,,5,3,4,5,4,5,6,4,5,5,4,5,6,3,5,2
215,3,de-informal,128562444,6,1,3,1,2,Y,,,,,,,,,,Y,,,,Y,,,Y,Y,,,,,,,,,Y,,,,,Y,,,3,2,5,6,4,3,6,4,4,5,6,4,2,6,3,5
216,3,de-informal,1955376805,6,1,6,3,4,Y,Y,,,,,,,Y,,,,,Y,Y,,,Y,,,,,,,,,,Y,,,Y,,,Y,,5,2,2,4,1,2,5,1,1,3,2,4,4,6,3,5
217,3,de-informal,842625885,3,2,4,1,4,Y,Y,Y,Y,,,,,,Y,,,Y,Y,,,,Y,Y,,Y,,,,,,,Y,,,Y,,Y,,,2,6,5,6,4,4,6,5,6,5,6,6,5,4,4,4
218,3,de-informal,110316547,6,2,4,3,6,,,,,,Y,,,,,Y,,Y,Y,,,,Y,Y,,,,,,,,,Y,Y,,,,Y,,,3,4,4,5,5,2,6,5,6,4,4,4,5,2,5,6
219,3,de-informal,942386718,AO08,2,4,1,2,Y,,,,,,,,,,Y,,Y,,Y,,,Y,Y,,,,,,,,,Y,,Y,,,,,,4,2,1,5,1,6,6,4,3,4,1,5,5,3,4,6
220,3,de-informal,1997372421,1,2,2,1,5,,,,,,,,Y,Y,,,,Y,,,,,Y,Y,,Y,,,,,Y,,,,,,,,Y,Y,4,5,6,3,3,6,2,2,2,4,2,6,4,6,2,3
221,3,de-informal,1807160307,AO08,1,6,1,2,,Y,,,Y,,"Tahdurr, el hotzo",,,,Y,,Y,,Y,,,Y,,Y,Y,,,,,,,Y,,,Y,,,Y,,4,4,2,2,4,1,6,2,2,1,4,6,6,2,4,5
222,3,de-informal,399231535,AO08,2,4,2,2,,,,,,Y,,,,,Y,,Y,Y,,,,Y,Y,,,,,,,,,Y,Y,Y,,,,,,5,3,3,4,3,5,4,1,5,4,3,3,4,3,3,5
224,3,de-informal,937044932,6,2,4,3,6,Y,,Y,,,,,Y,,,,,Y,Y,,,,,Y,,,,,Y,,,,Y,,,,Y,,,,4,5,4,2,4,3,5,4,6,5,4,4,5,4,5,5
225,3,de-informal,1723744529,4,2,4,1,2,Y,,Y,,,,,,,,Y,,Y,,,,,Y,,,Y,,,,,,,Y,Y,Y,,,,,,4,4,3,5,4,5,5,4,4,4,4,4,4,2,3,3
226,3,de-informal,1966742123,3,4,4,1,4,,,,,,Y,,,,,Y,,Y,Y,,,,Y,Y,,Y,,,Y,,,,Y,Y,,Y,,,,,4,2,2,2,3,3,5,2,4,3,4,4,2,5,4,5
227,3,de-informal,356111014,3,1,4,4,5,Y,,,,,,Last Week Tonight with John Oliver,,,,,YouTube,Y,,,,,,Y,,Y,,,,,,,,Y,,Y,,,Y,,4,5,4,1,1,2,6,4,4,5,5,5,6,4,6,5
228,3,de-informal,1102427715,5,1,6,3,4,Y,,,Y,Y,,,,,,Y,,Y,Y,Y,,,Y,,,Y,,,,,,,Y,Y,,,,,Y,,3,5,5,6,5,4,6,5,5,5,6,6,6,4,6,6
229,3,de-informal,1157251945,4,1,4,1,2,,,,,,Y,,,,,Y,,Y,Y,Y,Y,,Y,,,Y,,,,,,,Y,Y,,,,,Y,,3,3,3,3,5,3,5,3,4,2,5,5,1,6,2,4
230,3,de-informal,591617393,AO08,1,4,1,6,Y,,Y,,,,,,,,Y,,,,Y,,,Y,,,Y,,,,,,,,Y,Y,Y,,,,,4,5,5,5,2,1,5,5,6,6,4,5,4,3,2,3
231,3,de-informal,1745597773,5,2,6,1,4,Y,,,,,,,Y,Y,,,,,,,Y,,Y,Y,Y,,,,,,Y,,Y,Y,,,,,,Y,2,2,4,3,3,3,6,4,4,4,5,4,6,3,3,5
233,3,de-informal,54961053,5,3,4,1,1,Y,,,,Y,,,Y,,,,,Y,Y,Y,,,Y,,Y,Y,,,,,,,Y,,,Y,,,,,3,2,3,4,3,3,5,5,6,5,5,5,3,2,2,5
234,3,de-informal,704308019,3,2,4,1,2,Y,Y,Y,Y,Y,,,,,Y,,,Y,Y,,,,Y,Y,,Y,,,,,,,Y,,Y,Y,,,,,5,4,4,5,3,2,5,4,5,5,1,4,2,3,3,4
235,3,de-informal,1379140305,5,1,4,5,6,,,,,,Y,,,,,Y,,Y,,,,,,,,Y,,,,,,,,Y,,,,,,,1,2,2,3,2,1,4,2,1,2,1,3,2,1,1,2
236,3,de-informal,1333102584,AO08,1,3,1,6,,,,,Y,,,Y,,Y,,,Y,,Y,,,Y,Y,,,,,,,,,,Y,,Y,,,,,3,4,4,4,1,2,6,3,6,4,3,5,4,3,1,6
237,3,de-informal,32125332,3,3,4,1,2,Y,,Y,,,,,Y,,,,,Y,,Y,,,Y,Y,Y,,,Y,,,,,Y,,,Y,,,,,6,6,4,5,2,6,6,6,6,2,3,6,2,3,1,6
238,3,de-informal,1332952992,AO08,1,6,1,6,,,,,,Y,,,,,Y,,,Y,,,,Y,,,,,,,,,,,Y,,Y,,Y,,,1,3,1,2,2,2,5,6,6,6,5,5,4,3,1,5
239,3,de-informal,769424806,2,1,4,1,4,,,,,,Y,,,,,Y,,Y,,,Y,,Y,Y,,Y,,,,,,,,,,Y,,,,,4,2,2,4,2,5,4,3,5,4,5,5,3,3,4,5
240,3,de-informal,1922589497,3,1,4,1,2,Y,,,,Y,,,,,Y,,,Y,,Y,,,Y,,,Y,,,,,,,Y,Y,,Y,,,,,6,5,5,6,3,2,6,5,5,5,6,6,4,5,5,6
241,3,de-informal,1459780081,5,1,4,2,1,,,,,,Y,,,,,Y,,Y,Y,,Y,,Y,,,Y,,,,,,,Y,Y,Y,,,,,,4,2,4,6,4,4,6,5,6,6,5,6,5,5,5,6
242,3,de-informal,1077201518,5,3,4,1,2,Y,,Y,,,,mattxiv (matt bernstein),Y,,Y,,,Y,Y,Y,,,Y,Y,Y,,,,,,,,Y,,Y,Y,,,,,4,6,6,6,5,1,3,6,6,6,3,5,4,5,3,6
243,3,de-informal,390610997,AO08,1,6,1,2,Y,,,,,,,,,,Y,,Y,,Y,,,Y,,,Y,,,,,,,Y,Y,,Y,,,,,4,5,5,5,5,2,6,6,6,6,5,6,5,5,4,5
244,3,de-informal,1722504073,AO08,1,4,2,2,,,,,,Y,,,,Y,,,Y,Y,,,,Y,Y,,,,,,,,,Y,Y,,,,,,Y,3,4,3,5,3,4,5,5,6,3,5,3,4,2,1,6
245,3,de-informal,1107858604,5,1,3,3,4,,,,,,,SpaceFrogs,,,,,YouTube,Y,,Y,,,,Y,,,,,Y,,,,,,,Y,,,Y,Y,6,4,4,4,1,4,6,5,6,5,2,5,5,3,4,6
246,3,de-informal,1274585167,4,1,4,5,6,,,,,,,Last Week Tonight,Y,,,,,,,Y,,,,Y,Y,,,,,,,,Y,,,Y,,,Y,,2,5,5,6,3,4,6,6,6,6,6,5,5,4,5,3
248,3,de-informal,306773732,5,1,4,1,2,Y,,Y,,,,,,,Y,,,Y,Y,Y,,,Y,Y,,,,,,,,,Y,,,Y,,,,,2,5,4,3,3,4,6,5,5,5,2,5,6,4,4,5
249,3,de-informal,1364657073,4,1,4,2,4,Y,,,,,,,,,,Y,,Y,,Y,,,Y,Y,,,,,,,,,Y,Y,,Y,,,,,3,3,2,4,3,5,6,5,5,3,3,5,5,4,2,2
250,3,de-informal,254738012,6,2,4,1,2,,,,,Y,,,,,,Y,,Y,,Y,,,Y,Y,Y,,,,,,,,Y,,Y,Y,,,,,4,2,2,5,4,4,6,3,3,3,2,4,5,5,2,5
252,3,de-informal,951249736,5,1,4,1,2,,,Y,,Y,,,Y,,,,,Y,Y,,,,Y,,Y,,,Y,Y,,,,Y,,,Y,,,Y,,6,2,2,4,3,5,5,3,3,3,3,5,4,6,3,4
253,3,de-informal,296723170,3,1,4,1,1,,,,,,Y,,Y,,,,,Y,,,,,Y,,,,,,,,,,Y,,,,,,,,6,1,1,3,1,2,6,6,3,1,3,6,4,6,5,5
254,3,de-informal,432082617,5,2,4,1,2,Y,Y,,Y,,,,,,,Y,,Y,,,,,,,,,,,,,,,Y,,,Y,,,,Y,3,5,4,6,4,4,6,2,5,4,5,6,5,3,2,3
255,3,de-informal,334938264,3,2,4,1,2,Y,,,,,,,,,,Y,,Y,,Y,,,Y,,,Y,,Y,,,,,Y,Y,,,,,,Y,5,2,3,4,2,3,5,1,1,2,3,4,3,4,1,5
256,3,de-informal,412425627,4,2,4,3,5,,,,,,Y,,,,,Y,,,Y,,,,Y,,,,,,,,,,Y,,,,,,,Y,1,3,4,1,1,1,6,6,6,6,3,4,4,1,5,5
257,3,de-informal,995440001,3,1,4,1,1,,,,,,Y,,,Y,Y,,,Y,,,,,Y,Y,,,,,,,,,Y,,,Y,,,,Y,6,1,1,4,4,5,6,1,3,2,6,4,1,6,4,3
258,3,de-informal,2069397936,3,1,4,1,5,,,,,,Y,,,,,Y,,,Y,,,,Y,,,,,,,,,,Y,Y,,Y,,,,,5,3,2,5,5,4,6,1,2,3,6,6,6,5,4,4
259,3,de-informal,1151641676,2,1,4,1,1,Y,Y,Y,,,,,Y,,Y,,,Y,,Y,,,Y,Y,Y,,,,,,,,Y,,,Y,,,,,5,2,1,5,2,6,6,3,2,2,5,6,5,5,4,6
260,3,de-informal,2051839484,3,2,4,2,1,,,,,,Y,,Y,Y,,,Radio,Y,Y,,,,Y,,,,,,,,,,Y,,,Y,,,,Y,4,5,5,3,3,1,2,5,5,6,3,5,2,3,2,5
261,3,de-informal,1374425536,4,1,3,1,2,,,,,,Y,,,,,Y,,Y,,,,,Y,,,Y,,,,,,,Y,,Y,,,,Y,,2,2,2,3,2,1,1,1,1,1,2,1,2,1,1,2
262,3,de-informal,731340764,3,1,4,1,2,,,,,,Y,,,,,Y,,Y,,,Y,,Y,,,Y,,,,,,,,Y,Y,,Y,,,,6,4,3,5,1,5,4,6,6,5,4,3,3,5,5,6
263,3,de-informal,2045427349,4,1,4,1,2,Y,,,Y,,,,Y,,,,,Y,,Y,,,Y,,,Y,,,,,,,Y,,,Y,,,,,3,5,4,4,2,3,5,3,6,6,3,5,6,5,4,6
266,3,de-informal,366702665,4,1,4,1,4,,,,,Y,,,,Y,,,,Y,,,,,Y,Y,,,,,,,,,,,Y,Y,Y,,,,5,3,3,6,4,5,6,6,6,6,4,4,4,4,3,6
267,3,de-informal,467514894,4,1,4,1,2,Y,Y,Y,Y,,,,,,Y,,,Y,Y,Y,,,Y,Y,,Y,,,,,,,Y,Y,Y,,,,,,6,6,6,6,6,6,6,3,4,4,4,5,3,5,5,4
268,3,de-informal,528813170,6,1,4,1,2,,,,,,,,Y,,,,,Y,,,,,Y,Y,,Y,,,,,,,Y,Y,,Y,,,,,6,5,4,5,5,6,6,3,6,5,5,6,6,4,5,6
269,3,de-informal,1259536047,3,1,4,4,5,,,,,,Y,,Y,,,,,Y,Y,,,,Y,Y,,,,Y,,,,,,Y,Y,,Y,,,,5,3,5,6,5,3,4,6,6,5,4,5,5,5,4,5
270,3,de-informal,1353056914,3,1,4,5,1,,,,,,Y,,,Y,,,,,Y,,,,Y,Y,,,,,,,,Zeitung,Y,Y,,,,,,Y,3,3,2,3,2,2,3,2,2,3,4,4,3,5,2,2
271,3,de-informal,707679510,2,1,4,1,1,,,,,,Y,,,,,Y,,Y,,,,,Y,,,,,,,,,,Y,,Y,,,Y,,,3,3,5,3,5,4,1,1,1,1,1,1,2,2,5,2
272,3,de-informal,1421444503,5,1,4,1,2,Y,,,,,,Yarakshow,,,Y,,,Y,Y,Y,,,Y,Y,,,,,,,,,Y,,Y,Y,,,,,2,4,4,6,3,3,6,1,1,2,5,6,6,6,2,6
273,3,de-informal,230893416,5,2,4,1,2,Y,Y,Y,Y,Y,,,,,,Y,,Y,,Y,,,Y,Y,Y,Y,,Y,,,,,Y,,,Y,,,,Y,4,2,3,4,1,5,5,3,2,3,1,3,4,5,5,2
274,3,de-informal,325553980,6,1,4,1,6,Y,,,,,,,,,,,Youtube,,Y,Y,,,Y,Y,,,,,,,,,Y,,,Y,,Y,,,1,1,1,1,1,4,6,5,5,4,3,1,5,3,6,6
275,3,de-informal,1370919114,2,1,4,1,4,Y,Y,Y,,Y,,,,,,Y,,,,Y,,,Y,Y,,,,,,,,,Y,Y,,Y,,,,,3,5,5,4,2,2,6,6,6,6,3,4,4,4,4,6
277,3,de-informal,1368194642,4,2,4,3,2,,,,,,,Tagesscheiss,,,,Y,,Y,Y,Y,,,Y,Y,,Y,,,,,,,Y,Y,,,,,Y,,3,3,3,3,3,3,3,3,3,3,3,3,4,4,4,4
278,3,de-informal,1019544339,3,1,4,1,2,Y,,,,,,,,,,Y,,Y,Y,Y,,,Y,,,,,,,,,,Y,,,Y,,,,,2,4,5,6,3,3,5,3,5,5,6,6,5,3,4,5
279,3,de-informal,366639331,4,2,4,2,4,Y,Y,Y,Y,,,,Y,,,,,Y,,Y,,,Y,Y,,,,,Y,,,,Y,,,Y,,Y,,,3,4,5,5,1,4,6,5,6,4,2,2,5,5,4,2
280,3,de-informal,239248295,5,1,4,1,2,Y,,,,,,Tagesscheiss,Y,,,,,Y,,Y,,,Y,,,Y,,,,,,,Y,,,Y,,,,Y,3,4,4,5,5,2,6,5,3,5,4,5,6,5,5,5
282,3,de-informal,1827084997,2,1,4,1,4,,,,,,Y,,,,,Y,,Y,,,,,Y,,,Y,,,,,,,Y,Y,,Y,,,,,5,5,4,6,5,3,3,6,4,5,5,4,4,2,4,5
283,3,de-informal,1432831447,6,1,4,1,2,Y,,,,,,Postillon,Y,,,,,Y,,Y,,,Y,,,Y,,,,,,,Y,,Y,Y,,,,,4,5,5,5,6,3,6,5,5,4,3,5,4,2,5,6
284,2,de-informal,1697413484,3,1,4,1,4,,,,,,Y,,,,Y,,,Y,Y,,,,Y,,,Y,,,,,,,Y,Y,Y,Y,Y,,Y,Y,4,3,4,5,5,5,5,4,4,4,5,5,4,5,3,4
285,3,de-informal,1962397619,6,1,4,3,6,,,,,,Y,,,,,Y,,Y,,,,,Y,,,,,,,,,,Y,Y,,,,,,,1,3,2,5,1,3,5,3,5,5,5,6,4,6,4,6
286,3,de-informal,1865699855,6,1,3,1,4,,,,,,Y,,,,,Y,,Y,,,,,Y,Y,,,,,,,,,Y,,,Y,,Y,,,3,4,4,5,2,2,5,3,4,3,3,5,3,4,5,5
288,3,de-informal,1437487678,6,1,6,1,2,Y,Y,Y,,,,,,,Y,,,Y,Y,Y,,,Y,Y,Y,,,,,,,,Y,,Y,Y,,,,,5,4,3,4,3,4,5,2,6,5,4,5,4,4,4,5
290,3,de-informal,213323529,AO08,1,6,3,4,Y,,,Y,,,,Y,,,,,Y,Y,Y,,,Y,Y,,,,,,,,,Y,,Y,,,Y,,,3,4,4,6,5,4,4,3,4,4,4,5,5,3,2,5
292,3,de-informal,1405333380,2,1,4,1,4,,,,,,Y,,Y,,,,,Y,,Y,,,Y,,,,,,,,,,Y,,Y,,,,,Y,2,4,5,5,3,2,5,6,6,6,6,6,2,2,3,5
293,3,de-informal,247048585,5,2,4,1,2,,,,,,Y,,,,,,Mediatheken (ARD & ZDF),Y,Y,,,,Y,Y,Y,,,Y,,,,,Y,Y,,,,,,Y,2,4,3,5,5,4,6,1,3,2,4,5,5,3,4,5
294,3,de-informal,840508898,AO08,1,3,1,4,,,,,,Y,,,,,Y,,Y,Y,Y,Y,,Y,Y,,,,,,,,,,,,Y,,,Y,Y,5,3,4,4,3,2,4,2,5,4,4,5,4,4,2,4
295,3,de-informal,1728930938,AO08,2,3,2,4,,,,,,Y,,,,,Y,,Y,,,,,Y,Y,,,,,,,,,Y,,,,,,,,3,6,4,1,6,6,1,5,4,4,4,3,2,6,1,3
296,3,de-informal,538638995,AO08,2,4,2,5,,,,,,Y,,,,,Y,,Y,,,,,,Y,,,,,,,,,,,,,,,Y,,5,2,2,4,2,4,5,2,3,3,4,4,5,3,4,5
298,3,de-informal,1503366426,3,1,3,1,5,,,,,,Y,,,,,Y,,Y,,,,,Y,,,,,,,,,,Y,Y,,,,Y,,,6,1,3,5,2,5,6,5,6,6,6,6,3,4,4,6
299,3,de-informal,14531470,2,2,4,1,1,Y,,,,,,,,,,Y,,Y,,,,,Y,,,,,Y,,,,,Y,,Y,,,,,,5,2,2,5,1,4,5,3,3,3,3,5,3,4,4,5
300,3,de-informal,296700108,4,1,4,1,1,,,,,,Y,,,Y,,,,Y,,,Y,,Y,,,Y,,,,,,,Y,Y,,,,,,Y,3,5,2,6,4,1,6,5,6,6,6,6,6,2,2,5
301,3,de-informal,512459315,4,1,3,5,5,,,,,,Y,,,,,Y,,Y,Y,,,,Y,Y,,,,,,,,,,,,,Y,,Y,Y,4,2,3,4,2,1,6,4,5,5,6,6,5,2,3,6
302,3,de-informal,504729182,4,2,4,6,6,,,,,,Y,,,,,Y,,Y,,,,,Y,Y,,,,,,,,,,Y,,,,,Y,,1,1,1,2,1,1,4,4,5,4,4,1,5,4,4,4
303,3,de-informal,563966096,1,3,4,3,4,,,,,,Y,,,,,Y,,Y,,,Y,,,Y,,,,,,,,,,,Y,Y,,,Y,,2,1,1,3,1,4,5,6,6,6,4,3,4,6,2,5
304,3,de-informal,1108584597,4,1,4,1,5,Y,,,,Y,,,,,Y,,,Y,,Y,,,Y,Y,,Y,,,,,,,,Y,Y,Y,,,,,3,4,3,5,2,1,4,5,6,5,5,5,2,2,3,6
305,3,de-informal,486385069,3,2,4,1,2,Y,,,,,,,,,,Y,,Y,Y,,,,Y,Y,,,,,,,,,Y,,,,,,,,5,5,5,5,5,5,3,6,6,6,1,6,4,5,3,4
306,3,de-informal,1501425770,3,1,4,1,1,Y,,,,,,,Y,,Y,,,Y,Y,,,,Y,Y,,,,,,,,,Y,Y,Y,,,,,,4,6,6,6,1,6,6,3,6,6,6,6,6,6,3,6
307,3,de-informal,1724962954,5,2,4,1,4,,,,,,Y,,Y,,,,,Y,,,,,Y,Y,,,,,,,,,Y,Y,,Y,,,,,4,5,5,4,2,6,6,4,4,4,5,5,5,2,4,6
308,3,de-informal,1630472105,4,1,4,2,4,,,,,,Y,,,,,Y,,Y,,,,,Y,,,Y,,,,,,,Y,Y,,,,,,,4,4,4,5,5,2,5,6,6,6,6,5,4,3,4,5
309,3,de-informal,1521212574,5,1,4,1,2,Y,,,Y,,,,,,,Y,,Y,Y,Y,,,Y,Y,,Y,,,,,,,Y,,,Y,,,,,6,2,2,4,2,4,6,3,3,3,3,4,4,4,3,4
310,3,de-informal,1032302179,3,2,4,1,2,Y,Y,,Y,,,,Y,,,,,,,Y,,,Y,Y,Y,,,,,,,,Y,,,,,,,,3,4,4,4,1,1,6,5,3,4,2,5,4,4,1,4
312,3,de-informal,2038913992,4,2,2,2,1,,,,,,Y,,,,,Y,,,Y,,,,Y,Y,,,,,,,Y,,,,,,Y,Y,,Y,3,4,5,3,3,2,4,5,6,5,3,4,3,2,3,3
314,3,de-informal,643617793,3,1,4,1,2,Y,,,,Y,,El hotzo,,,,Y,,Y,Y,Y,,,Y,Y,,Y,,,,,,,Y,,Y,Y,,,,,3,6,6,5,3,1,4,1,6,6,4,6,1,6,3,5
315,3,de-informal,1603824419,1,1,4,1,4,,,,,,Y,,,,,Y,,Y,Y,,,,Y,,,Y,,,,,,,Y,Y,,Y,,,,,4,4,3,4,5,2,5,2,3,3,5,3,5,4,4,5
316,3,de-informal,660364151,3,1,3,1,2,,,,,,Y,,,,,Y,,Y,,,,,Y,,,Y,,,,,,,Y,,Y,,,,,,4,3,4,5,2,1,2,5,6,5,4,5,5,3,4,5
317,3,de-informal,1905008299,4,1,4,1,2,,,,,,Y,,Y,,Y,,,Y,Y,,,,Y,,,,,,,,,,Y,Y,,,Y,,,,5,4,4,6,4,6,6,2,1,3,5,6,6,1,4,5
318,3,de-informal,1047202370,4,2,4,1,2,,,,,,Y,,,,,Y,,Y,Y,,,,Y,Y,Y,,,,,,,,Y,,,Y,,,,Y,5,6,3,5,4,3,6,5,6,3,6,5,4,6,3,5
320,3,de-informal,73379693,5,2,4,1,2,Y,,Y,,Y,,,,,,Y,,Y,Y,Y,,,Y,Y,,Y,,Y,,,,,Y,Y,,Y,,,,,6,4,3,5,4,4,5,3,3,3,3,4,3,5,3,5
321,3,de-informal,184049975,5,1,6,3,6,,,,,,Y,,,,,Y,,,,,Y,,Y,,,,,,,,,,,,Y,Y,,,,,1,1,1,3,2,1,1,5,6,4,4,5,2,4,3,5
322,3,de-informal,1177489362,3,1,4,1,5,,,,,,Y,,Y,,,,,Y,Y,,Y,,Y,,,,,,,,,,Y,,,Y,,Y,,,1,1,3,5,1,1,6,6,3,4,6,6,3,2,3,1
323,3,de-informal,298289395,5,1,4,1,2,Y,,,,,,,Y,,,,,Y,,Y,,,Y,,,,,,,,,,Y,,Y,,,Y,,,2,5,5,6,5,4,6,6,6,6,6,6,6,4,5,5
324,3,de-informal,1198405041,6,1,4,1,4,,Y,,,Y,,,,,,Y,,Y,,Y,,,Y,Y,,,,Y,,,,,Y,Y,,Y,,,,,4,2,2,5,3,4,6,5,6,5,4,3,4,5,5,5
325,3,de-informal,431888254,5,1,4,3,2,,,,,,Y,,,,,Y,,Y,Y,,,,Y,Y,,,,,,,,,,Y,,Y,,,Y,,4,2,2,5,3,5,6,2,3,2,6,4,6,4,6,6
326,3,de-informal,2058107939,3,1,3,2,1,Y,,Y,,,,,,,,Y,,Y,,Y,,,Y,,,Y,,Y,,,,,Y,,,Y,,,,,5,4,4,5,1,2,4,2,3,4,4,4,1,3,2,3
327,3,de-informal,1293002939,1,1,2,1,2,,,,,,Y,,,,,Y,,Y,,Y,,,Y,,,Y,,,,,,,Y,,,,,,Y,,5,3,3,5,5,5,6,5,5,3,2,3,5,5,6,4
328,3,de-informal,1208410509,AO08,3,4,1,2,Y,Y,,,,,sainthoax,,,,Y,,Y,Y,Y,,,Y,Y,,,,,,,,,Y,,Y,Y,,,,,6,5,4,6,4,5,6,4,6,4,4,5,4,6,6,6
329,3,de-informal,703989026,1,1,3,3,5,,,,,,Y,,,,,Y,,,Y,,Y,,Y,,,Y,,,,,,,Y,,Y,Y,,,,,2,4,3,5,5,4,6,6,6,6,6,4,5,6,5,6
330,3,de-informal,1677634216,1,1,4,1,2,,,,,Y,,Aurel Merz,,,Y,,,Y,Y,Y,,,Y,Y,Y,,,,,,,,Y,Y,,Y,,,,,5,4,2,6,5,4,5,6,6,4,3,5,5,5,4,2
331,3,de-informal,1307109407,1,1,4,1,1,,,,,,Y,,Y,Y,,,,Y,,,,,Y,Y,Y,,,,,,,,Y,,Y,,,,,,4,5,4,5,2,5,6,4,6,4,3,6,4,5,3,5
332,3,de-informal,707070916,3,1,4,1,2,,,,,,Y,,,,,Y,,,Y,,,,Y,,,,,,,,,,,Y,,Y,Y,,,,6,6,4,4,6,6,6,4,6,6,4,6,6,4,6,6
333,3,de-informal,1714331830,4,2,4,3,6,,,,,,Y,,,,,Y,,,Y,,,,Y,,,,,,,,,,Y,Y,Y,,,,,,2,2,1,3,1,1,4,3,5,4,5,4,3,5,4,5
334,3,de-informal,406310682,2,1,4,1,2,,,,,,Y,,Y,,Y,,,Y,Y,Y,,,Y,Y,Y,,,,,,,,Y,,Y,Y,,,,,5,4,4,6,5,5,6,6,5,5,3,4,3,6,4,6
335,3,de-informal,498678010,3,1,4,1,2,Y,,,,,,,Y,,,,,Y,,Y,Y,,Y,,Y,,,,,,,,Y,Y,,Y,,,,,5,3,2,5,1,4,6,3,1,4,3,4,3,5,4,5
336,3,de-informal,469088914,3,1,4,1,4,,,,,,Y,,,,,Y,,Y,Y,,,,Y,,,Y,,,,,,,Y,,Y,Y,,,,,5,2,1,5,2,2,5,6,6,5,4,6,1,4,4,5
337,3,de-informal,700900716,3,2,4,1,2,,,,,,Y,,,,,Y,,Y,Y,,Y,,Y,Y,,Y,,,,,,,Y,,,,,Y,,Y,6,5,4,6,4,2,6,3,3,3,4,4,6,4,4,4
338,3,de-informal,1921709263,1,4,4,1,2,Y,,,,,,,,,,Y,Nachrichten nicht aber satirische Musik,Y,Y,Y,,,Y,Y,,Y,,,Y,,,Apple Music,Y,,,Y,,,,,4,1,1,3,1,5,6,2,4,2,4,4,6,4,4,6
340,3,de-informal,284925827,1,1,4,3,4,Y,,,,,,El hotzo,Y,Y,Y,,,Y,,Y,,,Y,,,,,,,,,,Y,,Y,Y,,,,,4,6,5,4,4,5,6,6,2,3,2,5,3,6,2,4
341,2,de-informal,192449879,5,1,4,3,5,Y,,,,,,,Y,,Y,,,,,Y,Y,,Y,Y,Y,,,,,,,,Y,Y,,Y,Y,,Y,,2,3,4,5,4,5,6,3,4,3,5,5,2,6,5,5
342,3,de-informal,1679911722,1,1,4,1,1,Y,Y,,Y,,,,,,Y,,,Y,Y,Y,,,Y,,,,,,,,,,Y,,Y,Y,,,,,4,6,6,6,5,1,3,6,6,6,5,4,5,5,4,6
343,3,de-informal,402312995,3,2,6,1,2,,,,,,,"Ketzer der Neuzeit, NIUS",,,,Y,,Y,,,,,Y,Y,,Y,,Y,Y,Y,,,Y,,,,,,,,5,5,5,5,5,5,5,5,5,5,5,5,5,5,5,5
344,3,de-informal,1006227439,2,1,4,1,2,,,,,,Y,,,,Y,,,Y,,,,,Y,,Y,,,,,,,,Y,,Y,Y,,,,,3,4,5,4,4,5,5,6,5,5,2,6,2,4,5,6
345,3,de-informal,1429232582,5,1,4,1,2,Y,Y,Y,,,,,Y,,,,,Y,Y,Y,,,Y,Y,,,,,,,,,Y,Y,,Y,,,,,3,5,2,6,2,5,6,2,2,2,5,5,6,3,2,2
346,3,de-informal,310802089,3,1,4,1,1,,,,,,Y,,,,,Y,,,Y,,Y,,Y,,,,,,,,,,,Y,,Y,,,Y,,1,1,2,3,2,1,5,3,4,2,6,5,3,5,4,6
347,3,de-informal,2016081246,3,1,4,1,4,,,,,,Y,,,,,Y,,Y,,,Y,,Y,,,,,,,,,,Y,Y,,,,,Y,,2,4,5,5,5,2,5,5,6,6,5,3,2,6,5,5
348,3,de-informal,2096079606,5,1,4,1,1,,,,,,,El Hotzo,,,,,You Tube,Y,,Y,,,Y,Y,Y,,,,,,,,Y,,,Y,,Y,,,3,2,4,4,4,5,5,6,6,6,5,5,5,5,5,6
349,3,de-informal,1617782423,3,1,4,1,4,Y,,,,,,,Y,,,,,Y,Y,Y,,,Y,Y,,Y,,,,,Y,,Y,,,Y,Y,,,,3,3,4,5,2,2,4,6,6,6,5,6,4,4,4,4
350,3,de-informal,1326145757,4,1,3,1,2,,,,,,Y,,,,Y,,,Y,Y,,,,Y,,,Y,,,,,,,Y,Y,,Y,,,,,2,4,3,2,1,5,6,2,6,2,2,3,6,4,2,5
351,3,de-informal,606180736,3,1,4,1,2,,,,,,Y,,,Y,Y,,,Y,Y,,,,Y,,,Y,,Y,,,,,Y,,,Y,Y,,,,5,3,2,5,3,4,5,3,3,4,5,5,5,4,3,5
352,3,de-informal,906032231,6,1,4,1,2,Y,,Y,,Y,,,Y,,Y,,,,Y,Y,,,Y,,Y,Y,,,,,,,Y,,,Y,,Y,,,5,4,5,4,4,5,6,5,6,5,5,4,5,4,4,5
353,3,de-informal,252440807,AO08,1,4,1,2,Y,,Y,,,,Krisenmaus für Memes,,,,Y,,Y,,Y,,,Y,Y,Y,Y,,,,,,,Y,,Y,Y,,,,,6,6,6,6,5,2,6,6,6,6,6,6,5,2,5,6
354,3,de-informal,572180759,6,1,3,2,4,,,,,,Y,,,,Y,,,Y,,,Y,,Y,,,,,,,,,,,Y,,Y,,,,Y,5,2,2,6,3,6,6,4,4,3,5,4,6,6,4,3
355,3,de-informal,1608269153,6,1,4,3,4,,,,,,Y,,,,,Y,,Y,Y,,,,Y,Y,,Y,,,,,,,Y,Y,,Y,,,,,5,2,4,6,2,2,5,2,6,4,6,6,6,6,4,6
356,3,de-informal,175586837,4,1,4,4,5,Y,,,,,,,Y,,,,,Y,,Y,,,Y,,,,,,,,,,Y,Y,,Y,,,,,4,5,5,6,4,1,5,5,6,4,4,5,5,1,5,5
357,3,de-informal,1994593015,3,3,4,1,5,,,,,,Y,,,,,Y,,Y,,,,,Y,Y,,,,,,,,,Y,,,Y,,,,,1,2,2,5,4,4,5,2,6,4,3,6,2,5,5,6
358,3,de-informal,1563166812,5,1,4,1,2,Y,,,Y,,,,Y,,,,,Y,Y,Y,,,Y,Y,Y,,,,,,,,Y,,Y,Y,,,,,4,5,3,5,3,6,4,4,4,5,3,6,5,4,5,5
360,3,de-informal,1221420535,AO08,2,4,6,5,Y,,,Y,,,Postillon,,,,Y,,,Y,Y,,,,Y,Y,,,,,,,Discord,,,,Y,,,,,1,1,1,4,1,4,5,2,3,4,5,2,6,4,3,2
361,3,de-informal,473737035,5,1,4,1,2,Y,,,,,,,,,,Y,,Y,Y,Y,,,Y,Y,,,,,Y,,,,Y,Y,,Y,,,,,2,4,3,5,5,5,5,4,5,3,5,4,5,6,4,5
363,3,de-informal,892956161,6,1,3,1,2,,,,,,Y,,,,,Y,,Y,Y,,Y,,Y,Y,,,,,,,,,Y,,,Y,,,Y,,5,3,2,5,1,5,6,3,6,4,6,4,6,6,2,6
364,3,de-informal,443215876,1,1,4,1,2,Y,,,,,,,,,,Y,,Y,Y,Y,,,Y,Y,,Y,,,,,,,Y,,,,,,,,1,2,2,4,3,5,6,6,6,6,6,6,2,6,4,5
365,3,de-informal,1353787905,6,1,4,1,2,,,,,,Y,,Y,,,,,Y,Y,,Y,,Y,Y,,Y,,,,,,,Y,Y,,Y,,,,,4,4,3,5,5,4,6,4,5,4,5,5,6,4,3,5
367,3,de-informal,1479883252,AO08,2,6,1,2,Y,Y,,,,,,,,,,Mediathek,Y,,,,,,Y,Y,,,,,,,,Y,,,Y,,Y,,,3,5,5,6,3,4,6,6,6,6,4,2,4,2,5,4
368,3,de-informal,1994346506,4,2,4,3,4,Y,,,,,,"Hauptstadtmemes, tagesscheiss, Fabian KĆ¶ster",Y,Y,Y,,,Y,Y,Y,,,Y,Y,,,,,,,,,Y,Y,,,,Y,,,4,4,4,5,3,5,5,5,3,3,2,6,4,4,3,2
369,3,de-informal,1950154250,4,1,4,2,1,Y,,,,,,,,,,Y,,,,Y,,,Y,,,,,,,,,,Y,,Y,Y,,,,,4,5,5,3,5,2,5,4,6,6,3,4,5,3,2,5
371,3,de-informal,896095161,2,1,3,1,6,Y,,,,,,,,,,Y,,Y,,,,,Y,Y,,Y,,,,,,,Y,,,,,,,,2,2,2,4,4,4,5,2,3,2,3,3,3,3,3,3
372,3,de-informal,2016819416,5,1,3,1,2,,,,,,Y,,,,,Y,,Y,Y,,,,Y,,,Y,,Y,,,,,Y,Y,,Y,,,,,5,4,3,4,5,2,4,3,5,4,5,3,4,3,4,5
373,3,de-informal,1564718659,5,1,4,3,4,Y,,,,,,Tagesscheiss,,,,Y,,Y,,Y,,,Y,Y,Y,,,,,,,,Y,,,,,,,,5,2,2,6,4,5,6,1,2,3,5,4,6,4,2,6
374,3,de-informal,1199465437,5,1,3,3,5,Y,,,,,,,,,,Y,,,,Y,,,,,Y,,,,,,,,Y,,Y,Y,,,,,2,6,6,5,5,2,6,6,6,6,5,5,5,1,6,6
375,3,de-informal,1178926690,4,1,4,1,1,,,,,,Y,,,,,Y,,Y,Y,,,,Y,,,Y,,,,,,,Y,Y,,Y,,,,,4,1,1,5,3,5,6,4,4,4,4,6,4,2,3,3
377,3,de-informal,90288013,5,1,4,1,2,,,,,,Y,,Y,,,,,Y,Y,,,,Y,Y,,,,,,,,,Y,,Y,Y,,,,,5,1,1,6,2,4,6,1,1,2,5,5,1,6,4,4
378,3,de-informal,1390403176,5,1,6,3,6,,,,,,Y,,,,,Y,,,Y,,,,Y,,,,,,,,,,,,Y,Y,,,,,1,1,1,2,1,2,6,1,2,2,6,3,1,1,1,4
379,3,de-informal,2023606149,5,2,3,1,6,,,,,,Y,,,,Y,,,Y,,,,,,,,Y,,,,,,,Y,Y,,,,,,,3,3,2,4,2,4,5,4,5,5,3,5,3,4,2,4
380,3,de-informal,1112927083,AO08,3,6,2,2,,,,,Y,,"el hotzo, tara-luise wittwer, aurel mertz, josi schreibt, fluter,",,,,Y,,,,Y,,,Y,Y,,,,,,,,tumblr,Y,,,Y,,,Y,,4,6,5,5,4,5,5,6,4,5,3,3,4,5,4,6
382,3,de-informal,1069756995,4,2,4,1,1,Y,,,,,,,,,,Y,,Y,Y,Y,,,Y,Y,,Y,,Y,,,,,Y,,,Y,,,,Y,5,2,3,5,3,4,5,6,6,2,2,5,2,2,1,2
383,3,de-informal,1380206451,5,1,4,1,2,,,,,,Y,,,,Y,,,Y,,,,,Y,Y,,Y,,,,,,,Y,Y,,,,,Y,,5,5,4,3,4,4,6,4,5,5,2,5,4,6,6,3
384,3,de-informal,1037074044,5,1,4,2,5,,,,,,Y,,Y,,,,,Y,,,,,Y,Y,,,,Y,,,,,Y,,,Y,,,,,2,1,2,2,2,3,3,4,6,4,4,5,2,3,2,5
385,3,de-informal,191340635,3,1,4,1,2,Y,,,Y,,,,Y,,,,,Y,,Y,,,Y,Y,,Y,,,,,,,Y,,Y,Y,,,,,5,2,1,5,5,3,6,6,6,3,4,4,6,3,1,5
386,3,de-informal,1072366387,3,2,4,2,4,Y,Y,Y,Y,Y,,,,,,Y,,Y,,Y,,,Y,Y,,,,,,,,,Y,,Y,,Y,,,,3,2,2,5,2,3,4,2,6,4,4,5,4,3,4,6
388,3,de-informal,314221029,AO08,1,6,1,5,,,,,,Y,,,,,Y,,Y,Y,,,,Y,,,,,,,,,,Y,Y,,,,,,,1,1,1,4,3,4,4,2,4,2,4,4,4,5,3,6
389,3,de-informal,2081254612,AO08,1,6,2,6,,,,,,Y,,Y,,Y,,,Y,,,Y,,Y,,Y,Y,,,,,,,Y,Y,,Y,,,,,1,3,1,3,3,3,6,6,6,2,5,5,5,4,1,4
390,3,de-informal,288103838,AO08,1,4,2,1,,,,,,,el hotzo,,,,Y,,,Y,Y,,,Y,,,Y,,,,,,,Y,Y,Y,,,,,,5,3,3,5,6,1,4,5,6,6,6,6,4,3,2,5
392,3,de-informal,824875550,3,2,4,1,4,,,,,,Y,,,,,Y,,Y,,,,,Y,Y,,,,Y,,,,,Y,Y,,Y,,,,,2,3,3,4,2,4,5,2,1,2,4,5,4,4,2,5
394,3,de-informal,1699123477,6,1,4,1,2,,,,,,Y,,,,,Y,,Y,,,,,Y,,,Y,,Y,,,,,Y,Y,,Y,,,,,4,2,2,6,4,2,6,5,6,6,6,6,2,5,5,6
395,3,de-informal,519737404,4,1,4,1,2,,,,,,Y,,Y,,,,,Y,Y,,,,Y,Y,,Y,,,,,,,Y,Y,,Y,,,,,5,4,3,6,5,5,6,2,6,2,5,6,5,6,3,1
396,3,de-informal,1668990959,4,2,4,2,4,Y,,,Y,,,,,,,Y,,Y,Y,,,,Y,Y,,,,,,,,,Y,,,,,Y,,,4,2,2,5,3,5,6,5,6,4,5,5,5,6,2,4
397,3,de-informal,1013950593,6,1,3,5,6,Y,,,,,,,Y,,,,,Y,Y,,,,Y,,Y,,,,,,,,Y,Y,,,,,,,3,3,3,5,2,1,2,5,4,3,3,3,3,5,2,4
398,3,de-informal,1053914895,3,1,4,1,4,,,,,,Y,,,,,Y,,Y,,,,,,,,Y,,,,,,,Y,Y,,Y,,,,,2,3,2,4,3,5,4,4,6,4,4,4,5,2,3,4
399,3,de-informal,2066168694,3,1,3,1,1,Y,Y,Y,Y,Y,,,Y,,Y,,,Y,Y,Y,,,Y,Y,Y,Y,,Y,,Y,,,Y,Y,Y,,,,,,4,4,4,4,4,5,5,4,6,5,6,6,6,5,6,5
400,3,de-informal,1115532275,6,2,3,5,6,,,,,,Y,,,,,Y,,Y,Y,,Y,,Y,Y,,,,,Y,,,,,Y,,Y,,Y,,,5,4,4,4,4,3,5,5,2,4,5,5,5,5,5,5
401,3,de-informal,1938296991,4,2,4,1,2,,,,,,Y,,,,,Y,,Y,,,,,Y,Y,,Y,,Y,Y,,Y,,,Y,,,Y,,Y,,4,4,5,3,3,5,3,5,2,5,3,4,6,4,4,4
402,3,de-informal,150698764,3,3,4,1,2,Y,Y,Y,Y,,,,,,,Y,,Y,,Y,,,Y,Y,,Y,,,,,,,Y,,Y,,,,,,6,4,2,6,1,2,6,3,3,4,2,2,4,3,6,6
404,3,de-informal,991432942,6,1,4,2,4,,Y,,,,,,,,,Y,,Y,,Y,,,,Y,Y,,,,,,,,Y,,Y,Y,,,,,3,2,2,4,3,4,5,2,2,3,1,4,5,6,5,4
406,3,de-informal,384327944,3,1,4,2,4,Y,,,Y,,,,Y,,,,,,Y,,,,Y,Y,,,,,,,,,Y,,Y,Y,,,,,1,3,3,3,2,4,5,3,5,5,5,6,4,5,5,6
407,3,de-informal,1442141613,5,2,4,5,6,,,,,,Y,,,,,Y,,,Y,,Y,,,,,,,,,,,,,Y,,Y,,,Y,,1,4,4,1,4,1,6,6,6,6,4,6,3,3,3,6
409,3,de-informal,1468538002,4,1,3,1,6,,,,,,Y,,,,,Y,,Y,,,Y,,Y,,,Y,,,,,,,Y,,Y,Y,,,,,1,1,1,2,1,1,3,1,1,2,4,4,1,3,3,4
410,3,de-informal,1469362446,AO08,1,3,2,4,Y,,,,,,,,,,Y,,,,Y,,,Y,,,,,,,,,,Y,,,,,,,,5,1,4,4,1,3,5,3,1,1,6,6,1,4,1,6
412,3,de-informal,425279879,3,1,3,1,2,Y,,,,,,,,,,Y,,Y,Y,Y,,,Y,,,Y,,Y,,,,,Y,,Y,Y,,,,,2,4,3,5,4,2,4,2,5,4,2,4,2,2,3,4
413,3,de-informal,231680519,4,1,4,2,2,,,,,,Y,,,,Y,,,Y,,,,,Y,,,Y,,,,,,,Y,Y,,Y,,,,,4,6,5,5,5,1,3,3,6,5,5,6,2,6,5,6
414,3,de-informal,255513476,5,1,4,1,1,,,,,,Y,,,,,Y,,Y,,,,,Y,,,Y,,,,,,,Y,Y,,Y,,,,,4,5,5,5,3,4,5,3,6,5,4,4,4,2,4,5
417,3,de-informal,314564598,6,1,4,1,2,Y,,Y,,,,,,,Y,,,Y,Y,Y,,,Y,Y,Y,,,,,,,,Y,,,Y,,,,,2,5,1,2,3,1,1,2,1,4,3,2,4,6,2,1
420,3,de-informal,1651907282,3,2,4,1,4,Y,,,,,,,,,,Y,,Y,,Y,,,Y,Y,,,,,,,,,Y,,Y,Y,,,,,5,3,4,5,2,5,6,4,5,5,6,6,5,5,5,5
421,3,de-informal,1610009753,6,2,6,3,4,Y,Y,Y,Y,,,,Y,,,,,Y,Y,Y,,,Y,Y,Y,,,,Y,,,,Y,,,Y,,Y,,,4,2,2,3,4,5,5,3,4,3,4,5,4,6,4,5
422,3,de-informal,1276114845,6,1,4,2,1,Y,,,,,,,,,,Y,,,Y,,,,Y,,,Y,,,,,,,Y,,Y,Y,,,,,5,2,1,6,2,5,4,1,2,2,5,3,4,3,4,5
424,3,de-informal,1261116803,2,1,4,1,4,Y,,,,,,,,,,Y,,Y,,,,,Y,Y,,,,,,,,,,,,Y,Y,,,,4,6,6,2,3,4,6,5,5,6,4,6,5,3,6,6
426,3,de-informal,546252157,3,3,4,2,5,Y,,,,,,,,,,Y,,Y,,,,,,Y,,,,,,,,,Y,,,Y,,,,,2,4,6,5,3,3,3,2,5,5,5,4,3,6,2,5
427,3,de-informal,1796144523,AO08,2,3,3,1,,,,Y,Y,,Postillion,,,,Y,,,Y,Y,,,Y,Y,,,,,,,,,Y,,Y,,,Y,,,5,4,2,5,2,3,5,1,1,2,4,4,5,4,4,2
429,3,de-informal,2130048908,3,2,4,1,2,,,,,,,El Hotzo,,,Y,,,Y,Y,Y,,,Y,Y,,,,Y,,,,,Y,,,Y,,,,Y,6,6,6,5,6,5,5,2,3,3,3,5,6,4,5,6
430,3,de-informal,327514744,6,3,6,3,5,,Y,,,Y,,,,Y,Y,,,Y,Y,Y,,,Y,Y,,Y,,,,,,,Y,Y,Y,,,,,,5,4,4,5,5,5,5,6,6,6,6,6,6,4,5,5
432,3,de-informal,1897472378,4,2,4,1,2,Y,Y,,,,,"reddit ich_iel Politik , Postilion",,,,Y,,Y,Y,Y,,,Y,,,,,,Y,,,,Y,Y,Y,,,,,,6,5,4,6,3,3,6,3,1,3,6,5,2,6,3,3
433,3,de-informal,16527504,6,1,4,1,2,Y,Y,,Y,,,,,,,Y,,,Y,Y,,,Y,Y,,,,,,,,,Y,,,Y,,,,,6,6,6,6,1,1,5,6,6,6,2,5,5,4,6,6
434,3,de-informal,947287572,4,2,4,5,6,,,,,,Y,,,,,Y,,,,,Y,,,Y,,,,,Y,,,,,Y,,,,,,Y,3,4,2,4,2,5,5,2,5,5,4,5,4,3,4,6
436,3,de-informal,1494253987,3,1,4,1,1,,,,,,,tagesscheiss,,,Y,,,,,Y,Y,,Y,Y,,Y,,,,,,,Y,Y,,,,,,,3,3,2,5,4,4,6,2,2,2,3,5,5,2,3,3
437,3,de-informal,1074351917,AO08,1,4,1,6,,,,,,Y,,Y,,,,,Y,,,,,Y,,,Y,,,,,,,Y,Y,,Y,,,,,3,5,4,6,5,5,6,2,3,4,5,5,5,5,4,6
439,3,de-informal,44457575,4,1,4,1,2,Y,,,Y,,,,Y,,Y,,,Y,Y,Y,,,,,,Y,,,,,,,Y,,Y,Y,,,,,4,6,3,6,6,3,6,6,6,6,4,6,6,6,6,6
440,3,de-informal,788748590,5,2,4,1,2,,,,,,Y,,,,,Y,,Y,Y,,,,Y,,,Y,,,,,,,Y,,,,,,,,3,5,5,2,1,3,6,6,5,4,1,6,4,6,4,6
441,3,de-informal,1581063104,6,1,3,1,4,,,,,,Y,,,,,Y,,Y,Y,,Y,,Y,Y,,Y,,,,,,,Y,,,Y,,,,,4,5,4,6,5,4,6,2,5,4,6,5,6,3,3,6
443,3,de-informal,1675480229,AO08,1,3,3,4,,Y,Y,,,,,Y,,,,,,,Y,,,Y,,Y,,,,,,,,Y,Y,Y,,,,,,2,4,4,5,2,1,6,6,6,6,6,6,4,4,5,4
445,3,de-informal,2042091916,6,1,4,1,1,Y,,,,,,,Y,,,,,,,Y,Y,,Y,,Y,,,,,,,,Y,,,Y,,Y,,,4,5,4,4,2,1,5,2,4,2,3,5,4,5,1,2
446,3,de-informal,1197861732,5,1,4,1,2,,Y,,Y,,,el hotzo,,Y,Y,,,Y,,Y,,,Y,Y,Y,,,,,,,,Y,,,Y,,Y,,,5,5,4,5,5,5,6,6,5,1,2,5,2,6,3,1
448,3,de-informal,1331164566,4,2,4,1,2,Y,Y,,,,,,Y,,,,,Y,Y,Y,,,Y,Y,,,,,,,,,Y,,Y,,,Y,,,4,4,2,6,3,5,6,6,6,4,2,4,4,4,2,1
449,3,de-informal,1802123830,4,1,4,1,4,,,,,,Y,,,,,Y,,Y,,,,,Y,,,Y,,,,,,,Y,,Y,,,Y,,,1,1,1,2,2,1,4,4,4,4,3,3,1,4,1,3
450,2,de-informal,219160242,AO08,2,4,1,4,Y,Y,Y,Y,,,Postillon,Y,,,,,Y,Y,,,,Y,Y,,Y,,Y,,,,,Y,,Y,Y,,,Y,Y,4,3,3,4,2,4,5,3,6,5,2,5,5,4,2,4
452,3,de-informal,2065547850,6,1,3,1,4,,,,,,Y,,,Y,Y,,,Y,Y,,,,Y,Y,Y,Y,,,Y,,,,Y,Y,Y,,,,,,2,4,4,5,5,5,5,4,5,4,5,4,4,5,5,6
453,3,de-informal,1842363857,3,2,4,1,2,,,,,,,,,,,Y,,Y,Y,,,,Y,Y,,,,,,,,Discord,Y,Y,,,,,,Y,4,1,1,4,2,3,6,1,2,2,4,2,3,5,1,4
454,3,de-informal,756466243,5,1,3,1,2,,,,,,,Klasse gegen Klasse,,,Y,,,,Y,Y,,,Y,,,,,,Y,,,,Y,,,Y,,Y,,,4,4,4,5,5,5,5,3,4,4,5,6,6,4,5,3
456,3,de-informal,1280298507,AO08,1,4,1,2,Y,,,,,,,Y,,,,,Y,Y,Y,,,Y,Y,Y,Y,,,,,,,Y,Y,Y,,,,,,6,4,5,6,5,4,5,6,5,5,4,5,5,4,5,5
457,2,de-informal,118288797,5,2,6,2,1,Y,,,Y,,,"Till Reiners, Postillion, The Onion",,Y,,,,Y,Y,Y,,,Y,Y,Y,,,,Y,,,,Y,,Y,Y,,Y,,Y,5,5,5,5,5,5,5,5,5,4,3,5,3,3,5,3
458,3,de-informal,687261920,5,1,4,3,4,,,,,,Y,,,,,Y,,Y,Y,,,,Y,,,Y,,,,,,,,Y,Y,Y,,,,,3,4,2,4,4,4,5,6,6,6,6,6,4,5,4,5
459,3,de-informal,230438215,5,2,6,1,2,Y,,,Y,,,"Till Reiners, Postillion, The Onion, die Anstalt",,Y,,,Mediathek,Y,Y,Y,,,Y,Y,Y,,,,Y,,,,Y,,Y,,,,,Y,4,5,5,5,6,4,5,5,6,5,3,5,5,3,5,6
460,3,de-informal,1079006824,6,2,4,1,1,,,,,,,Tagesscheiss,,,,,Youtube,Y,Y,Y,,,Y,Y,,,,,,,,,Y,,Y,Y,,,,,6,6,6,6,6,6,6,3,5,4,3,3,4,3,5,5
461,3,de-informal,2141300896,5,2,4,1,2,Y,Y,Y,,Y,,,,,Y,,,Y,Y,,,,Y,Y,,,,,,,,,Y,,Y,Y,,,,,5,6,5,6,4,3,4,6,6,6,2,3,1,4,3,5
464,3,de-informal,1555220224,5,1,4,1,1,Y,,Y,,,,,,,,Y,,,,Y,,,Y,,,,,,,,,,Y,,Y,,,,,,3,4,4,2,2,3,6,5,6,5,2,4,6,4,4,4
465,3,de-informal,1831196871,6,2,6,3,4,Y,Y,,,,,,Y,,,,,Y,,,,,Y,Y,,,,,,,,ZDF Mediathek,Y,Y,Y,,,,,,4,5,4,6,3,1,5,6,6,6,4,5,5,1,4,3
466,3,de-informal,511082976,6,1,3,2,6,,,,,,Y,,,,,,YouTube,,Y,,,,Y,Y,,,,,,,,,Y,,Y,Y,,,,,1,3,3,2,3,4,5,1,3,3,6,6,1,6,3,6
467,3,de-informal,390919983,4,2,3,1,4,,,,,,Y,,,,,Y,,Y,Y,,,,Y,Y,Y,,,Y,,,,,Y,,,Y,,,,Y,5,5,3,6,2,4,6,1,6,4,3,4,6,4,5,6
468,3,de-informal,1469411562,AO08,2,6,1,2,Y,Y,Y,Y,,,,,,,Y,,Y,Y,Y,,,Y,Y,,Y,,,,,,,Y,,Y,Y,,,,,4,3,2,4,1,1,4,2,6,3,2,4,2,6,2,5
472,3,de-informal,1318638018,4,1,4,1,2,,,,,,Y,,,,Y,,,Y,Y,,,,Y,Y,,,,,,,,,,,,Y,Y,Y,,,5,3,4,5,5,5,6,6,6,6,3,4,6,4,4,6
473,3,de-informal,410412190,6,1,3,2,4,,,,,,Y,,,,,Y,,Y,,,,,,,Y,,,,,,,,,Y,,,,,,,3,2,3,2,2,1,5,6,6,4,5,5,2,5,3,1
474,3,de-informal,390951147,4,2,4,1,4,,,,,,Y,,Y,,,,,Y,Y,,,,Y,Y,,,,,,,,,Y,,,Y,,,,,3,1,1,3,2,3,6,1,1,3,4,2,6,2,3,3
476,3,de-informal,780152334,4,2,4,1,2,Y,Y,Y,Y,,,,Y,Y,,,,Y,Y,Y,,,Y,Y,Y,,,,Y,,,,Y,Y,,Y,,,,,3,5,5,4,4,4,4,4,6,4,4,3,4,4,3,4
477,3,de-informal,2121210488,3,1,4,1,2,Y,,,,,,,Y,,Y,,,Y,,Y,,,Y,Y,Y,,,,,,,,Y,Y,,Y,,,,,5,5,5,5,3,3,6,6,6,4,5,4,4,3,5,4
478,3,de-informal,1158799902,6,2,2,1,1,Y,,,,,,,Y,,,,,,,Y,,,Y,Y,Y,,,,,,,,Y,,,Y,,,,Y,3,2,3,6,4,5,4,4,6,5,5,5,2,5,5,5
479,3,de-informal,1640066716,6,2,6,1,1,Y,,,,,,funk,Y,Y,,,Online Magazine,Y,Y,Y,,,Y,Y,Y,,,,Y,,,,Y,,,Y,,,Y,,5,6,6,5,5,3,6,3,2,4,1,4,4,5,5,6
480,3,de-informal,27268661,3,1,4,1,1,,,,,,Y,,Y,,,,,,Y,,,,Y,,,,,,,,,,Y,,Y,,,,,Y,5,2,1,6,4,1,4,6,6,5,6,6,3,6,2,6
481,3,de-informal,1315280956,4,1,2,1,2,,,,,,Y,,,,,Y,,,Y,,Y,,Y,,,,,,,,,,Y,,,,,,,,2,3,4,4,1,1,6,6,6,6,6,3,6,4,5,5
482,3,de-informal,1413923677,AO08,1,6,5,6,,,,,,Y,,,,,Y,,,Y,,,,Y,,,,,,,,,,Y,,,Y,Y,,,,4,4,4,5,5,1,6,6,6,6,6,6,6,1,6,6
,,,,,,,,,,,,,,,,,,,,,,,,,,,,,,,,,,,,,,,,,,,,,,,,,,,,,,,,,,,
,,,,,,,1.128177776,1.580426313,,,,,,,,,,,,,,,,,,,,,,,,,,,,,,,,,,,,,,,,,,1.09949478,1.627072333,1.618744838,1.387691749,1.397658483,1.188593881,,,,
,,,,,,,1.655526992,3.06940874,,,,,,,,,,,,,,,,,,,,,,,,,,,,,,,,,,,,,,,,,,5.133676093,3.768637532,4.451030928,4.046272494,4.143958869,4.652956298,,,,